<?xml version="1.0" encoding="UTF-8"?>
<study xmlns="gme://ccts.cabig/1.0/gov.nih.nci.cabig.ccts.domain" gridId="20b16581-a01c-4419-8d70-2fe8278a2ca4"><blindedIndicator>false</blindedIndicator><multiInstitutionIndicator>true</multiInstitutionIndicator><randomizedIndicator>false</randomizedIndicator><stratificationIndicator>false</stratificationIndicator><standaloneIndicator>true</standaloneIndicator><companionIndicator>false</companionIndicator><shortTitleText>ccts-QA-abc</shortTitleText><longTitleText>ccts-QA-abc</longTitleText><descriptionText>test</descriptionText><precisText></precisText><phaseCode>Phase I Trial</phaseCode><coordinatingCenterStudyStatus>OPEN</coordinatingCenterStudyStatus><type>Health Services Research</type><targetAccrualNumber>20</targetAccrualNumber><identifier xmlns:xsi="http://www.w3.org/2001/XMLSchema-instance" xsi:type="OrganizationAssignedIdentifierType"><value>Lsg-12345689013</value><primaryIndicator>false</primaryIndicator><healthcareSite xsi:type="LocalHealthcareSiteType"><name>Saint Francis Hospital</name><address><city>Litchfield</city><stateCode>IL</stateCode><countryCode>USA</countryCode></address><identifier xsi:type="OrganizationAssignedIdentifierType"><value>IL091</value><primaryIndicator>true</primaryIndicator><healthcareSite xsi:type="LocalHealthcareSiteType"><name>Cancer Therapy Evaluation Program</name><address><streetAddress>9000 Rockville Pike</streetAddress><city>Bethesda</city><stateCode>MD</stateCode><postalCode>20892</postalCode><countryCode>USA</countryCode></address><identifier xsi:type="OrganizationAssignedIdentifierType"><value>CTEP</value><primaryIndicator>true</primaryIndicator><type>CTEP</type></identifier></healthcareSite><type>CTEP</type></identifier></healthcareSite><type>COORDINATING_CENTER_IDENTIFIER</type></identifier><identifier xmlns:xsi="http://www.w3.org/2001/XMLSchema-instance" xsi:type="OrganizationAssignedIdentifierType"><value>Lsg-12345689013</value><primaryIndicator>false</primaryIndicator><healthcareSite xsi:type="LocalHealthcareSiteType"><name>National Cancer Institute Experimental Transplantation &amp; Immunology Branch</name><address><city>Bethesda</city><stateCode>MD</stateCode><countryCode>USA</countryCode></address><identifier xsi:type="OrganizationAssignedIdentifierType"><value>NCIETI</value><primaryIndicator>true</primaryIndicator><healthcareSite xsi:type="LocalHealthcareSiteType"><name>Cancer Therapy Evaluation Program</name><address><streetAddress>9000 Rockville Pike</streetAddress><city>Bethesda</city><stateCode>MD</stateCode><postalCode>20892</postalCode><countryCode>USA</countryCode></address><identifier xsi:type="OrganizationAssignedIdentifierType"><value>CTEP</value><primaryIndicator>true</primaryIndicator><type>CTEP</type></identifier></healthcareSite><type>CTEP</type></identifier></healthcareSite><type>PROTOCOL_AUTHORITY_IDENTIFIER</type></identifier><identifier xmlns:xsi="http://www.w3.org/2001/XMLSchema-instance" xsi:type="SystemAssignedIdentifierType"><value>Lsg-12345689013</value><primaryIndicator>true</primaryIndicator><systemName>Lincoln Surgical Group (IL255)</systemName><type>AI</type></identifier><epoch gridId="4a4129bb-5b72-4192-9241-7a86a6063be1"><name>EPOCH1</name><epochOrder>1</epochOrder><descriptionText>test</descriptionText><accrualCeiling>22</accrualCeiling><stratificationIndicator>false</stratificationIndicator><randomizedIndicator>false</randomizedIndicator><type>SCREENING</type><enrollmentIndicator>true</enrollmentIndicator><arm gridId="42151710-152d-429b-a373-8c150ab8b1c3"><name>Arm A</name><descriptionText>test</descriptionText><targetAccrualNumber>22</targetAccrualNumber></arm><eligibilityCriteria xmlns:xsi="http://www.w3.org/2001/XMLSchema-instance" gridId="178b2e96-22b0-4b7a-b343-233514200e2f" xsi:type="ExclusionEligibilityCriteriaType"><notApplicableIndicator>true</notApplicableIndicator><questionNumber>0</questionNumber><questionText>test</questionText></eligibilityCriteria><eligibilityCriteria xmlns:xsi="http://www.w3.org/2001/XMLSchema-instance" gridId="12aa6792-23dd-4fbf-bbac-8e23a8430fc9" xsi:type="InclusionEligibilityCriteriaType"><notApplicableIndicator>true</notApplicableIndicator><questionNumber>0</questionNumber><questionText>test</questionText></eligibilityCriteria></epoch><studyOrganization xmlns:xsi="http://www.w3.org/2001/XMLSchema-instance" gridId="cdf3415b-2efa-4af5-8d8c-21a63d9f26c8" xsi:type="StudyCoordinatingCenterType"><healthcareSite xsi:type="LocalHealthcareSiteType"><name>Saint Francis Hospital</name><address><city>Litchfield</city><stateCode>IL</stateCode><countryCode>USA</countryCode></address><identifier xsi:type="OrganizationAssignedIdentifierType"><value>IL091</value><primaryIndicator>true</primaryIndicator><healthcareSite xsi:type="LocalHealthcareSiteType"><name>Cancer Therapy Evaluation Program</name><address><streetAddress>9000 Rockville Pike</streetAddress><city>Bethesda</city><stateCode>MD</stateCode><postalCode>20892</postalCode><countryCode>USA</countryCode></address><identifier xsi:type="OrganizationAssignedIdentifierType"><value>CTEP</value><primaryIndicator>true</primaryIndicator><type>CTEP</type></identifier></healthcareSite><type>CTEP</type></identifier></healthcareSite></studyOrganization><studyOrganization xmlns:xsi="http://www.w3.org/2001/XMLSchema-instance" gridId="861dca3d-d53f-4673-885f-d7b4d3a939c9" xsi:type="StudyFundingSponsorType"><healthcareSite xsi:type="LocalHealthcareSiteType"><name>National Cancer Institute Experimental Transplantation &amp; Immunology Branch</name><address><city>Bethesda</city><stateCode>MD</stateCode><countryCode>USA</countryCode></address><identifier xsi:type="OrganizationAssignedIdentifierType"><value>NCIETI</value><primaryIndicator>true</primaryIndicator><healthcareSite xsi:type="LocalHealthcareSiteType"><name>Cancer Therapy Evaluation Program</name><address><streetAddress>9000 Rockville Pike</streetAddress><city>Bethesda</city><stateCode>MD</stateCode><postalCode>20892</postalCode><countryCode>USA</countryCode></address><identifier xsi:type="OrganizationAssignedIdentifierType"><value>CTEP</value><primaryIndicator>true</primaryIndicator><type>CTEP</type></identifier></healthcareSite><type>CTEP</type></identifier></healthcareSite></studyOrganization><studyOrganization xmlns:xsi="http://www.w3.org/2001/XMLSchema-instance" gridId="c32b377a-300b-4443-b62e-0140941d6525" xsi:type="StudySiteType"><healthcareSite xsi:type="LocalHealthcareSiteType"><name>Johns Hopkins University</name><address><city>Baltimore</city><stateCode>MD</stateCode><countryCode>USA</countryCode></address><identifier xsi:type="OrganizationAssignedIdentifierType"><value>MD017</value><primaryIndicator>true</primaryIndicator><healthcareSite xsi:type="LocalHealthcareSiteType"><name>Cancer Therapy Evaluation Program</name><address><streetAddress>9000 Rockville Pike</streetAddress><city>Bethesda</city><stateCode>MD</stateCode><postalCode>20892</postalCode><countryCode>USA</countryCode></address><identifier xsi:type="OrganizationAssignedIdentifierType"><value>CTEP</value><primaryIndicator>true</primaryIndicator><type>CTEP</type></identifier></healthcareSite><type>CTEP</type></identifier></healthcareSite><studyInvestigator><roleCode>Principal Investigator</roleCode><statusCode>AC</statusCode><healthcareSiteInvestigator><investigator xsi:type="RemoteInvestigatorType"><assignedIdentifier>118</assignedIdentifier><firstName>Judith</firstName><lastName>Karp</lastName><email>jhcccro@jhmi.edu</email><phoneNumber>(410)-955-8804</phoneNumber><faxNumber>(410)-614-1005</faxNumber><externalId>271574</externalId></investigator></healthcareSiteInvestigator></studyInvestigator><studyInvestigator><roleCode>Site Investigator</roleCode><statusCode>AC</statusCode><healthcareSiteInvestigator><investigator xsi:type="LocalInvestigatorType"><assignedIdentifier>9944</assignedIdentifier><firstName>Reza</firstName><lastName>Mehri</lastName><email>RezaMehri@test.com</email></investigator></healthcareSiteInvestigator></studyInvestigator><studyInvestigator><roleCode>Site Investigator</roleCode><statusCode>AC</statusCode><healthcareSiteInvestigator><investigator xsi:type="RemoteInvestigatorType"><assignedIdentifier>86038</assignedIdentifier><firstName>Bennett</firstName><lastName>Chin</lastName><email>jhcccro@jhmi.edu</email><phoneNumber>(410)-955-8804</phoneNumber><faxNumber>410-614-2972</faxNumber><externalId>1532850</externalId></investigator></healthcareSiteInvestigator></studyInvestigator><studyInvestigator><roleCode>Site Investigator</roleCode><statusCode>AC</statusCode><healthcareSiteInvestigator><investigator xsi:type="RemoteInvestigatorType"><assignedIdentifier>86041</assignedIdentifier><firstName>A.</firstName><lastName>Civelek</lastName><email>jhcccro@jhmi.edu</email><phoneNumber>(410)-955-8804</phoneNumber><faxNumber>(410)-614-3896</faxNumber><externalId>1532915</externalId></investigator></healthcareSiteInvestigator></studyInvestigator><studyInvestigator><roleCode>Site Investigator</roleCode><statusCode>AC</statusCode><healthcareSiteInvestigator><investigator xsi:type="RemoteInvestigatorType"><assignedIdentifier>86061</assignedIdentifier><firstName>Ivan</firstName><lastName>Borrello</lastName><email>jhcccro@jhmi.edu</email><phoneNumber>(410)-955-8804</phoneNumber><faxNumber>(443)-287-4653</faxNumber><externalId>1533122</externalId></investigator></healthcareSiteInvestigator></studyInvestigator><studyInvestigator><roleCode>Site Investigator</roleCode><statusCode>AC</statusCode><healthcareSiteInvestigator><investigator xsi:type="RemoteInvestigatorType"><assignedIdentifier>88307</assignedIdentifier><firstName>Kenneth</firstName><lastName>Cohen</lastName><email>jhcccro@jhmi.edu</email><phoneNumber>(410)-955-8804</phoneNumber><faxNumber>(410)-955-0028</faxNumber><externalId>1540210</externalId></investigator></healthcareSiteInvestigator></studyInvestigator><studyInvestigator><roleCode>Site Investigator</roleCode><statusCode>AC</statusCode><healthcareSiteInvestigator><investigator xsi:type="RemoteInvestigatorType"><assignedIdentifier>102645</assignedIdentifier><firstName>Carol</firstName><lastName>Huff</lastName><email>jhcccro@jhmi.edu</email><phoneNumber>(410)-955-8804</phoneNumber><faxNumber>(410)-614-7279</faxNumber><externalId>1565450</externalId></investigator></healthcareSiteInvestigator></studyInvestigator><studyInvestigator><roleCode>Site Investigator</roleCode><statusCode>AC</statusCode><healthcareSiteInvestigator><investigator xsi:type="RemoteInvestigatorType"><assignedIdentifier>104586</assignedIdentifier><firstName>Cornelia</firstName><lastName>Trimble</lastName><email>jhcccro@jhmi.edu</email><phoneNumber>(410)-955-8804</phoneNumber><faxNumber>(410)-502-0621</faxNumber><externalId>1571616</externalId></investigator></healthcareSiteInvestigator></studyInvestigator><studyInvestigator><roleCode>Site Investigator</roleCode><statusCode>AC</statusCode><healthcareSiteInvestigator><investigator xsi:type="RemoteInvestigatorType"><assignedIdentifier>113268</assignedIdentifier><firstName>Elliot</firstName><lastName>Fishman</lastName><email>jhcccro@jhmi.edu</email><phoneNumber>(410)-955-8804</phoneNumber><faxNumber>(410)-614-0341</faxNumber><externalId>1597778</externalId></investigator></healthcareSiteInvestigator></studyInvestigator><studyInvestigator><roleCode>Site Investigator</roleCode><statusCode>AC</statusCode><healthcareSiteInvestigator><investigator xsi:type="RemoteInvestigatorType"><assignedIdentifier>133501</assignedIdentifier><firstName>Lisa</firstName><lastName>Jacobs</lastName><email>jhcccro@jhmi.edu</email><phoneNumber>(410)-955-8804</phoneNumber><faxNumber>(410)-502-0403</faxNumber><externalId>1663099</externalId></investigator></healthcareSiteInvestigator></studyInvestigator><studyInvestigator><roleCode>Site Investigator</roleCode><statusCode>AC</statusCode><healthcareSiteInvestigator><investigator xsi:type="RemoteInvestigatorType"><assignedIdentifier>137952</assignedIdentifier><firstName>Jean-Francois (Jeff)</firstName><lastName>Geschwind</lastName><email>jhcccro@jhmi.edu</email><phoneNumber>(410)-955-8804</phoneNumber><faxNumber>(410)-955-0233</faxNumber><externalId>1686705</externalId></investigator></healthcareSiteInvestigator></studyInvestigator><studyInvestigator><roleCode>Site Investigator</roleCode><statusCode>AC</statusCode><healthcareSiteInvestigator><investigator xsi:type="RemoteInvestigatorType"><assignedIdentifier>143586</assignedIdentifier><firstName>Leisha</firstName><lastName>Emens</lastName><email>jhcccro@jhmi.edu</email><phoneNumber>(410)-955-8804</phoneNumber><faxNumber>(410)-614-8216</faxNumber><externalId>1734667</externalId></investigator></healthcareSiteInvestigator></studyInvestigator><studyInvestigator><roleCode>Site Investigator</roleCode><statusCode>AC</statusCode><healthcareSiteInvestigator><investigator xsi:type="RemoteInvestigatorType"><assignedIdentifier>161336</assignedIdentifier><firstName>Charles</firstName><lastName>Eberhart</lastName><email>jhcccro@jhmi.edu</email><phoneNumber>(410)-955-8804</phoneNumber><faxNumber>(410)-955-9777</faxNumber><externalId>2027795</externalId></investigator></healthcareSiteInvestigator></studyInvestigator><studyInvestigator><roleCode>Site Investigator</roleCode><statusCode>AC</statusCode><healthcareSiteInvestigator><investigator xsi:type="RemoteInvestigatorType"><assignedIdentifier>168731</assignedIdentifier><firstName>Daniele</firstName><lastName>Rigamonti</lastName><email>jhcccro@jhmi.edu</email><phoneNumber>(410)-955-8804</phoneNumber><faxNumber>(410)-955-9126</faxNumber><externalId>2143394</externalId></investigator></healthcareSiteInvestigator></studyInvestigator><studyInvestigator><roleCode>Site Investigator</roleCode><statusCode>AC</statusCode><healthcareSiteInvestigator><investigator xsi:type="RemoteInvestigatorType"><assignedIdentifier>168792</assignedIdentifier><firstName>Judy</firstName><lastName>Huang</lastName><email>jhcccro@jhmi.edu</email><phoneNumber>(410)-955-8804</phoneNumber><faxNumber>(410)-550-0748</faxNumber><externalId>2144284</externalId></investigator></healthcareSiteInvestigator></studyInvestigator><studyInvestigator><roleCode>Site Investigator</roleCode><statusCode>AC</statusCode><healthcareSiteInvestigator><investigator xsi:type="RemoteInvestigatorType"><assignedIdentifier>168801</assignedIdentifier><firstName>Chandresekaran</firstName><lastName>Chandresekaran</lastName><email>jhcccro@jhmi.edu</email><phoneNumber>(410)-955-8804</phoneNumber><externalId>2144559</externalId></investigator></healthcareSiteInvestigator></studyInvestigator><studyInvestigator><roleCode>Site Investigator</roleCode><statusCode>AC</statusCode><healthcareSiteInvestigator><investigator xsi:type="RemoteInvestigatorType"><assignedIdentifier>170046</assignedIdentifier><firstName>Samuel</firstName><lastName>Charache</lastName><email>jhcccro@jhmi.edu</email><phoneNumber>(410)-955-8804</phoneNumber><externalId>2164527</externalId></investigator></healthcareSiteInvestigator></studyInvestigator><studyInvestigator><roleCode>Site Investigator</roleCode><statusCode>AC</statusCode><healthcareSiteInvestigator><investigator xsi:type="RemoteInvestigatorType"><assignedIdentifier>171117</assignedIdentifier><firstName>Ralph</firstName><lastName>Tufano</lastName><email>jhcccro@jhmi.edu</email><phoneNumber>(410)-955-8804</phoneNumber><faxNumber>(410)-955-0035</faxNumber><externalId>2178709</externalId></investigator></healthcareSiteInvestigator></studyInvestigator><studyInvestigator><roleCode>Site Investigator</roleCode><statusCode>AC</statusCode><healthcareSiteInvestigator><investigator xsi:type="RemoteInvestigatorType"><assignedIdentifier>171212</assignedIdentifier><firstName>F. Javier</firstName><lastName>Bolanos-Meade</lastName><email>jhcccro@jhmi.edu</email><phoneNumber>(410)-955-8804</phoneNumber><faxNumber>(410)-955-1969</faxNumber><externalId>2180020</externalId></investigator></healthcareSiteInvestigator></studyInvestigator><studyInvestigator><roleCode>Site Investigator</roleCode><statusCode>AC</statusCode><healthcareSiteInvestigator><investigator xsi:type="RemoteInvestigatorType"><assignedIdentifier>171608</assignedIdentifier><firstName>Julie</firstName><lastName>Lange</lastName><email>jhcccro@jhmi.edu</email><phoneNumber>(410)-955-8804</phoneNumber><faxNumber>(410)-614-8719</faxNumber><externalId>2185364</externalId></investigator></healthcareSiteInvestigator></studyInvestigator><studyInvestigator><roleCode>Site Investigator</roleCode><statusCode>AC</statusCode><healthcareSiteInvestigator><investigator xsi:type="RemoteInvestigatorType"><assignedIdentifier>171645</assignedIdentifier><firstName>Susan (DeMeester)</firstName><lastName>Gearhart</lastName><email>jhcccro@jhmi.edu</email><phoneNumber>(410)-955-8804</phoneNumber><faxNumber>(410)-614-9866</faxNumber><externalId>2186310</externalId></investigator></healthcareSiteInvestigator></studyInvestigator><studyInvestigator><roleCode>Site Investigator</roleCode><statusCode>AC</statusCode><healthcareSiteInvestigator><investigator xsi:type="RemoteInvestigatorType"><assignedIdentifier>172031</assignedIdentifier><firstName>Edward</firstName><lastName>Weir</lastName><email>jhcccro@jhmi.edu</email><phoneNumber>(410)-955-8804</phoneNumber><faxNumber>(410)-502-1493</faxNumber><externalId>2193309</externalId></investigator></healthcareSiteInvestigator></studyInvestigator><studyInvestigator><roleCode>Site Investigator</roleCode><statusCode>AC</statusCode><healthcareSiteInvestigator><investigator xsi:type="RemoteInvestigatorType"><assignedIdentifier>172032</assignedIdentifier><firstName>Michael</firstName><lastName>Streiff</lastName><email>jhcccro@jhmi.edu</email><phoneNumber>(410)-955-8804</phoneNumber><faxNumber>(410)-614-8601</faxNumber><externalId>2193379</externalId></investigator></healthcareSiteInvestigator></studyInvestigator><studyInvestigator><roleCode>Site Investigator</roleCode><statusCode>AC</statusCode><healthcareSiteInvestigator><investigator xsi:type="RemoteInvestigatorType"><assignedIdentifier>172301</assignedIdentifier><firstName>David</firstName><lastName>Bluemke</lastName><email>jhcccro@jhmi.edu</email><phoneNumber>(410)-955-8804</phoneNumber><faxNumber>(410)-955-9799</faxNumber><externalId>2197927</externalId></investigator></healthcareSiteInvestigator></studyInvestigator><studyInvestigator><roleCode>Site Investigator</roleCode><statusCode>AC</statusCode><healthcareSiteInvestigator><investigator xsi:type="RemoteInvestigatorType"><assignedIdentifier>173396</assignedIdentifier><firstName>Robert</firstName><lastName>Giuntoli</lastName><email>jhcccro@jhmi.edu</email><phoneNumber>(410)-955-8804</phoneNumber><faxNumber>(410)-614-8718</faxNumber><externalId>2212768</externalId></investigator></healthcareSiteInvestigator></studyInvestigator><studyInvestigator><roleCode>Site Investigator</roleCode><statusCode>AC</statusCode><healthcareSiteInvestigator><investigator xsi:type="RemoteInvestigatorType"><assignedIdentifier>174632</assignedIdentifier><firstName>Nita</firstName><lastName>Ahuja</lastName><email>jhcccro@jhmi.edu</email><phoneNumber>(410)-955-8804</phoneNumber><faxNumber>(410)-502-0987</faxNumber><externalId>2230082</externalId></investigator></healthcareSiteInvestigator></studyInvestigator><studyInvestigator><roleCode>Site Investigator</roleCode><statusCode>AC</statusCode><healthcareSiteInvestigator><investigator xsi:type="RemoteInvestigatorType"><assignedIdentifier>180578</assignedIdentifier><firstName>Michael</firstName><lastName>McDevitt</lastName><email>jhcccro@jhmi.edu</email><phoneNumber>(410)-955-8804</phoneNumber><faxNumber>(410)-955-0185</faxNumber><externalId>2318831</externalId></investigator></healthcareSiteInvestigator></studyInvestigator><studyInvestigator><roleCode>Site Investigator</roleCode><statusCode>AC</statusCode><healthcareSiteInvestigator><investigator xsi:type="RemoteInvestigatorType"><assignedIdentifier>181230</assignedIdentifier><firstName>Kala</firstName><lastName>Visvanathan</lastName><email>jhcccro@jhmi.edu</email><phoneNumber>(410)-955-8804</phoneNumber><faxNumber>(410)-614-2632</faxNumber><externalId>2332662</externalId></investigator></healthcareSiteInvestigator></studyInvestigator><studyInvestigator><roleCode>Site Investigator</roleCode><statusCode>AC</statusCode><healthcareSiteInvestigator><investigator xsi:type="RemoteInvestigatorType"><assignedIdentifier>185399</assignedIdentifier><firstName>Piotr</firstName><lastName>Kulesza</lastName><email>jhcccro@jhmi.edu</email><phoneNumber>(410)-955-8804</phoneNumber><faxNumber>(410)-614-9556</faxNumber><externalId>2408020</externalId></investigator></healthcareSiteInvestigator></studyInvestigator><studyInvestigator><roleCode>Site Investigator</roleCode><statusCode>AC</statusCode><healthcareSiteInvestigator><investigator xsi:type="RemoteInvestigatorType"><assignedIdentifier>185597</assignedIdentifier><firstName>Christine</firstName><lastName>Iacobuzio-Donahue</lastName><email>jhcccro@jhmi.edu</email><phoneNumber>(410)-955-8804</phoneNumber><faxNumber>(410)-614-0671</faxNumber><externalId>2411963</externalId></investigator></healthcareSiteInvestigator></studyInvestigator><studyInvestigator><roleCode>Site Investigator</roleCode><statusCode>AC</statusCode><healthcareSiteInvestigator><investigator xsi:type="RemoteInvestigatorType"><assignedIdentifier>192464</assignedIdentifier><firstName>Nilofer</firstName><lastName>Azad</lastName><email>jhcccro@jhmi.edu</email><phoneNumber>(410)-955-8804</phoneNumber><faxNumber>(410)-614-9006</faxNumber><externalId>2559610</externalId></investigator></healthcareSiteInvestigator></studyInvestigator><studyInvestigator><roleCode>Site Investigator</roleCode><statusCode>AC</statusCode><healthcareSiteInvestigator><investigator xsi:type="RemoteInvestigatorType"><assignedIdentifier>194753</assignedIdentifier><firstName>Rosalyn</firstName><lastName>Juergens</lastName><email>jhcccro@jhmi.edu</email><phoneNumber>(410)-955-8804</phoneNumber><faxNumber>(410)-614-0610</faxNumber><externalId>2615522</externalId></investigator></healthcareSiteInvestigator></studyInvestigator><studyInvestigator><roleCode>Site Investigator</roleCode><statusCode>AC</statusCode><healthcareSiteInvestigator><investigator xsi:type="RemoteInvestigatorType"><assignedIdentifier>194758</assignedIdentifier><firstName>Patrick</firstName><lastName>Brown</lastName><email>jhcccro@jhmi.edu</email><phoneNumber>(410)-955-8804</phoneNumber><faxNumber>(410)-955-8897</faxNumber><externalId>2615657</externalId></investigator></healthcareSiteInvestigator></studyInvestigator><studyInvestigator><roleCode>Site Investigator</roleCode><statusCode>AC</statusCode><healthcareSiteInvestigator><investigator xsi:type="RemoteInvestigatorType"><assignedIdentifier>196999</assignedIdentifier><firstName>Teresa</firstName><lastName>Diaz-Montes</lastName><email>jhcccro@jhmi.edu</email><phoneNumber>(410)-955-8804</phoneNumber><faxNumber>(410)-614-8718</faxNumber><externalId>2666976</externalId></investigator></healthcareSiteInvestigator></studyInvestigator><studyInvestigator><roleCode>Site Investigator</roleCode><statusCode>AC</statusCode><healthcareSiteInvestigator><investigator xsi:type="RemoteInvestigatorType"><assignedIdentifier>197284</assignedIdentifier><firstName>Jonathan</firstName><lastName>Efron</lastName><email>jhcccro@jhmi.edu</email><phoneNumber>(410)-955-8804</phoneNumber><faxNumber>(410)-614-9866</faxNumber><externalId>2675586</externalId></investigator></healthcareSiteInvestigator></studyInvestigator><studyInvestigator><roleCode>Site Investigator</roleCode><statusCode>AC</statusCode><healthcareSiteInvestigator><investigator xsi:type="RemoteInvestigatorType"><assignedIdentifier>546</assignedIdentifier><firstName>Jon</firstName><lastName>Weingart</lastName><email>jhcccro@jhmi.edu</email><phoneNumber>(410)-955-8804</phoneNumber><faxNumber>(410)-614-9335</faxNumber><externalId>282100</externalId></investigator></healthcareSiteInvestigator></studyInvestigator><studyInvestigator><roleCode>Site Investigator</roleCode><statusCode>AC</statusCode><healthcareSiteInvestigator><investigator xsi:type="RemoteInvestigatorType"><assignedIdentifier>199840</assignedIdentifier><firstName>Timothy</firstName><lastName>Pawlik</lastName><email>jhcccro@jhmi.edu</email><phoneNumber>(410)-955-8804</phoneNumber><faxNumber>(410)-502-5781</faxNumber><externalId>2740089</externalId></investigator></healthcareSiteInvestigator></studyInvestigator><studyInvestigator><roleCode>Site Investigator</roleCode><statusCode>AC</statusCode><healthcareSiteInvestigator><investigator xsi:type="RemoteInvestigatorType"><assignedIdentifier>205399</assignedIdentifier><firstName>Jaishri</firstName><lastName>Blakeley</lastName><email>jhcccro@jhmi.edu</email><phoneNumber>(410)-955-8804</phoneNumber><faxNumber>(410)-614-9335</faxNumber><externalId>2884254</externalId></investigator></healthcareSiteInvestigator></studyInvestigator><studyInvestigator><roleCode>Site Investigator</roleCode><statusCode>AC</statusCode><healthcareSiteInvestigator><investigator xsi:type="RemoteInvestigatorType"><assignedIdentifier>206749</assignedIdentifier><firstName>Charles</firstName><lastName>Drake</lastName><email>jhcccro@jhmi.edu</email><phoneNumber>(410)-955-8804</phoneNumber><faxNumber>(443)-287-4653</faxNumber><externalId>2927758</externalId></investigator></healthcareSiteInvestigator></studyInvestigator><studyInvestigator><roleCode>Site Investigator</roleCode><statusCode>AC</statusCode><healthcareSiteInvestigator><investigator xsi:type="RemoteInvestigatorType"><assignedIdentifier>209901</assignedIdentifier><firstName>Ronald</firstName><lastName>Rodriguez</lastName><email>jhcccro@jhmi.edu</email><phoneNumber>(410)-955-8804</phoneNumber><faxNumber>(443)-287-1010</faxNumber><externalId>3161345</externalId></investigator></healthcareSiteInvestigator></studyInvestigator><studyInvestigator><roleCode>Site Investigator</roleCode><statusCode>AC</statusCode><healthcareSiteInvestigator><investigator xsi:type="RemoteInvestigatorType"><assignedIdentifier>211377</assignedIdentifier><firstName>Kelvin</firstName><lastName>Hong</lastName><email>jhcccro@jhmi.edu</email><phoneNumber>(410)-955-8804</phoneNumber><faxNumber>(410)-955-0233</faxNumber><externalId>3207561</externalId></investigator></healthcareSiteInvestigator></studyInvestigator><studyInvestigator><roleCode>Site Investigator</roleCode><statusCode>AC</statusCode><healthcareSiteInvestigator><investigator xsi:type="RemoteInvestigatorType"><assignedIdentifier>211378</assignedIdentifier><firstName>Christos</firstName><lastName>Georgiades</lastName><email>jhcccro@jhmi.edu</email><phoneNumber>(410)-955-8804</phoneNumber><faxNumber>(410)-955-0233</faxNumber><externalId>3207630</externalId></investigator></healthcareSiteInvestigator></studyInvestigator><studyInvestigator><roleCode>Site Investigator</roleCode><statusCode>AC</statusCode><healthcareSiteInvestigator><investigator xsi:type="RemoteInvestigatorType"><assignedIdentifier>214932</assignedIdentifier><firstName>Mehran</firstName><lastName>Habibi</lastName><email>jhcccro@jhmi.edu</email><phoneNumber>(410)-955-8804</phoneNumber><faxNumber>(410)-550-2011</faxNumber><externalId>3331707</externalId></investigator></healthcareSiteInvestigator></studyInvestigator><studyInvestigator><roleCode>Site Investigator</roleCode><statusCode>AC</statusCode><healthcareSiteInvestigator><investigator xsi:type="RemoteInvestigatorType"><assignedIdentifier>3437547</assignedIdentifier><firstName>B.</firstName><lastName>Smith</lastName><email>bdsmith@jhmi.edu</email><phoneNumber>410-614-5068</phoneNumber><externalId>3437547</externalId></investigator></healthcareSiteInvestigator></studyInvestigator><studyInvestigator><roleCode>Site Investigator</roleCode><statusCode>AC</statusCode><healthcareSiteInvestigator><investigator xsi:type="RemoteInvestigatorType"><assignedIdentifier>63004</assignedIdentifier><firstName>Wayne</firstName><lastName>Koch</lastName><email>jhcccro@jhmi.edu</email><phoneNumber>(410)-955-8804</phoneNumber><faxNumber>(410)-955-0035</faxNumber><externalId>3451353</externalId></investigator></healthcareSiteInvestigator></studyInvestigator><studyInvestigator><roleCode>Site Investigator</roleCode><statusCode>AC</statusCode><healthcareSiteInvestigator><investigator xsi:type="RemoteInvestigatorType"><assignedIdentifier>3455416</assignedIdentifier><firstName>Mark</firstName><lastName>Schoenberg</lastName><email>mschoeberg@jhmi.edu</email><phoneNumber>410-955-1039</phoneNumber><faxNumber>410-955-0833</faxNumber><externalId>3455416</externalId></investigator></healthcareSiteInvestigator></studyInvestigator><studyInvestigator><roleCode>Site Investigator</roleCode><statusCode>AC</statusCode><healthcareSiteInvestigator><investigator xsi:type="RemoteInvestigatorType"><assignedIdentifier>217841</assignedIdentifier><firstName>Mitchell</firstName><lastName>Price</lastName><email>jhcccro@jhmi.edu</email><phoneNumber>(410)-955-8804</phoneNumber><faxNumber>(410)-502-5314</faxNumber><externalId>3661217</externalId></investigator></healthcareSiteInvestigator></studyInvestigator><studyInvestigator><roleCode>Site Investigator</roleCode><statusCode>AC</statusCode><healthcareSiteInvestigator><investigator xsi:type="RemoteInvestigatorType"><assignedIdentifier>220074</assignedIdentifier><firstName>Christopher</firstName><lastName>Gamper</lastName><email>jhcccro@jhmi.edu</email><phoneNumber>(410)-955-8804</phoneNumber><faxNumber>(410)-955-0028</faxNumber><externalId>6946380</externalId></investigator></healthcareSiteInvestigator></studyInvestigator><studyInvestigator><roleCode>Site Investigator</roleCode><statusCode>AC</statusCode><healthcareSiteInvestigator><investigator xsi:type="RemoteInvestigatorType"><assignedIdentifier>220195</assignedIdentifier><firstName>Ido</firstName><lastName>Paz-Priel</lastName><email>jhcccro@jhmi.edu</email><phoneNumber>(410)-955-8804</phoneNumber><faxNumber>(410)-955-8897</faxNumber><externalId>6990976</externalId></investigator></healthcareSiteInvestigator></studyInvestigator><studyInvestigator><roleCode>Site Investigator</roleCode><statusCode>AC</statusCode><healthcareSiteInvestigator><investigator xsi:type="RemoteInvestigatorType"><assignedIdentifier>220482</assignedIdentifier><firstName>Lea</firstName><lastName>Cunningham</lastName><email>lcunnin4@jhmi.edu</email><phoneNumber>(410)-614-5055</phoneNumber><faxNumber>(410)-955-0028</faxNumber><externalId>7093720</externalId></investigator></healthcareSiteInvestigator></studyInvestigator><studyInvestigator><roleCode>Site Investigator</roleCode><statusCode>AC</statusCode><healthcareSiteInvestigator><investigator xsi:type="RemoteInvestigatorType"><assignedIdentifier>220576</assignedIdentifier><firstName>Steve</firstName><lastName>Cho</lastName><email>jhcccro@jhmi.edu</email><phoneNumber>(410)-955-8804</phoneNumber><faxNumber>(443)-287-2933</faxNumber><externalId>7119532</externalId></investigator></healthcareSiteInvestigator></studyInvestigator><studyInvestigator><roleCode>Site Investigator</roleCode><statusCode>AC</statusCode><healthcareSiteInvestigator><investigator xsi:type="RemoteInvestigatorType"><assignedIdentifier>221803</assignedIdentifier><firstName>Donald</firstName><lastName>Small</lastName><email>jhcccro@jhmi.edu</email><phoneNumber>(410)-955-8804</phoneNumber><faxNumber>(410)-955-8897</faxNumber><externalId>7573926</externalId></investigator></healthcareSiteInvestigator></studyInvestigator><studyInvestigator><roleCode>Site Investigator</roleCode><statusCode>AC</statusCode><healthcareSiteInvestigator><investigator xsi:type="RemoteInvestigatorType"><assignedIdentifier>221861</assignedIdentifier><firstName>Malcolm</firstName><lastName>Brock</lastName><email>jhcccro@jhmi.edu</email><phoneNumber>(410)-955-8804</phoneNumber><faxNumber>(410)-614-9428</faxNumber><externalId>7596018</externalId></investigator></healthcareSiteInvestigator></studyInvestigator><studyInvestigator><roleCode>Site Investigator</roleCode><statusCode>AC</statusCode><healthcareSiteInvestigator><investigator xsi:type="RemoteInvestigatorType"><assignedIdentifier>221918</assignedIdentifier><firstName>Paul</firstName><lastName>Colombani</lastName><email>jhcccro@jhmi.edu</email><phoneNumber>(410)-955-8804</phoneNumber><faxNumber>(410)-502-5314</faxNumber><externalId>7736391</externalId></investigator></healthcareSiteInvestigator></studyInvestigator><studyInvestigator><roleCode>Site Investigator</roleCode><statusCode>AC</statusCode><healthcareSiteInvestigator><investigator xsi:type="RemoteInvestigatorType"><assignedIdentifier>223544</assignedIdentifier><firstName>Keith</firstName><lastName>Pratz</lastName><email>jhcccro@jhmi.edu</email><phoneNumber>(410)-955-8804</phoneNumber><faxNumber>(410)-614-1005</faxNumber><externalId>8185497</externalId></investigator></healthcareSiteInvestigator></studyInvestigator><studyInvestigator><roleCode>Site Investigator</roleCode><statusCode>AC</statusCode><healthcareSiteInvestigator><investigator xsi:type="RemoteInvestigatorType"><assignedIdentifier>223627</assignedIdentifier><firstName>Heather</firstName><lastName>Symons</lastName><email>jhcccro@jhmi.edu</email><phoneNumber>(410)-955-8804</phoneNumber><faxNumber>(410)-502-6902</faxNumber><externalId>8213087</externalId></investigator></healthcareSiteInvestigator></studyInvestigator><studyInvestigator><roleCode>Site Investigator</roleCode><statusCode>AC</statusCode><healthcareSiteInvestigator><investigator xsi:type="RemoteInvestigatorType"><assignedIdentifier>224584</assignedIdentifier><firstName>David</firstName><lastName>Cosgrove</lastName><email>jhcccro@jhmi.edu</email><phoneNumber>(410)-955-8804</phoneNumber><faxNumber>(410)-614-9006</faxNumber><externalId>8630862</externalId></investigator></healthcareSiteInvestigator></studyInvestigator><studyInvestigator><roleCode>Site Investigator</roleCode><statusCode>AC</statusCode><healthcareSiteInvestigator><investigator xsi:type="RemoteInvestigatorType"><assignedIdentifier>223511</assignedIdentifier><firstName>Margaret</firstName><lastName>Showel</lastName><email>jhcccro@jhmi.edu</email><phoneNumber>(410)-955-8804</phoneNumber><faxNumber>(410)-614-3809</faxNumber><externalId>8692651</externalId></investigator></healthcareSiteInvestigator></studyInvestigator><studyInvestigator><roleCode>Site Investigator</roleCode><statusCode>AC</statusCode><healthcareSiteInvestigator><investigator xsi:type="RemoteInvestigatorType"><assignedIdentifier>73062</assignedIdentifier><firstName>Peter</firstName><lastName>Burger</lastName><email>jhcccro@jhmi.edu</email><phoneNumber>(410)-955-8804</phoneNumber><faxNumber>(410)-614-9310</faxNumber><externalId>8703467</externalId></investigator></healthcareSiteInvestigator></studyInvestigator><studyInvestigator><roleCode>Site Investigator</roleCode><statusCode>AC</statusCode><healthcareSiteInvestigator><investigator xsi:type="RemoteInvestigatorType"><assignedIdentifier>221816</assignedIdentifier><firstName>Steven</firstName><lastName>Gore</lastName><email>gorest@Jhmi.edu</email><phoneNumber>(410)-955-8781</phoneNumber><faxNumber>(410)-614-1005</faxNumber><externalId>7579759</externalId></investigator></healthcareSiteInvestigator></studyInvestigator><studyInvestigator><roleCode>Site Investigator</roleCode><statusCode>AC</statusCode><healthcareSiteInvestigator><investigator xsi:type="RemoteInvestigatorType"><assignedIdentifier>9557360</assignedIdentifier><firstName>Giuseppe</firstName><lastName>Sanguineti</lastName><email>gsangui1@jhmi.edu</email><phoneNumber>410-502-3877</phoneNumber><externalId>9557360</externalId></investigator></healthcareSiteInvestigator></studyInvestigator><studyInvestigator><roleCode>Site Investigator</roleCode><statusCode>AC</statusCode><healthcareSiteInvestigator><investigator xsi:type="RemoteInvestigatorType"><assignedIdentifier>8742130</assignedIdentifier><firstName>Marcia</firstName><lastName>Canto</lastName><email>mcanto1@jhmi.edu</email><phoneNumber>410-614-5388</phoneNumber><externalId>8742130</externalId></investigator></healthcareSiteInvestigator></studyInvestigator><studyInvestigator><roleCode>Site Investigator</roleCode><statusCode>AC</statusCode><healthcareSiteInvestigator><investigator xsi:type="RemoteInvestigatorType"><assignedIdentifier>227517</assignedIdentifier><firstName>Lei</firstName><lastName>Zheng</lastName><email>jhcccro@jhmi.edu</email><phoneNumber>(410)-955-8804</phoneNumber><faxNumber>(410)-614-8216</faxNumber><externalId>9676172</externalId></investigator></healthcareSiteInvestigator></studyInvestigator><studyInvestigator><roleCode>Site Investigator</roleCode><statusCode>AC</statusCode><healthcareSiteInvestigator><investigator xsi:type="RemoteInvestigatorType"><assignedIdentifier>10587885</assignedIdentifier><firstName>Edward</firstName><lastName>Shapiro</lastName><email>eshapiro@jhmi.edu</email><externalId>10587885</externalId></investigator></healthcareSiteInvestigator></studyInvestigator><studyInvestigator><roleCode>Site Investigator</roleCode><statusCode>AC</statusCode><healthcareSiteInvestigator><investigator xsi:type="RemoteInvestigatorType"><assignedIdentifier>10588078</assignedIdentifier><firstName>Misop</firstName><lastName>Han</lastName><email>mhan1@jhmi.edu</email><phoneNumber>410-502-7454</phoneNumber><externalId>10588078</externalId></investigator></healthcareSiteInvestigator></studyInvestigator><studyInvestigator><roleCode>Site Investigator</roleCode><statusCode>AC</statusCode><healthcareSiteInvestigator><investigator xsi:type="RemoteInvestigatorType"><assignedIdentifier>10588056</assignedIdentifier><firstName>Misop</firstName><lastName>Han</lastName><email>mhan1@jhmi.edu</email><phoneNumber>410-502-7454</phoneNumber><externalId>10588056</externalId></investigator></healthcareSiteInvestigator></studyInvestigator><studyInvestigator><roleCode>Site Investigator</roleCode><statusCode>AC</statusCode><healthcareSiteInvestigator><investigator xsi:type="RemoteInvestigatorType"><assignedIdentifier>10588185</assignedIdentifier><firstName>Richard</firstName><lastName>Schulick</lastName><email>rschulick@jhmi.edu</email><externalId>10588185</externalId></investigator></healthcareSiteInvestigator></studyInvestigator><studyInvestigator><roleCode>Site Investigator</roleCode><statusCode>AC</statusCode><healthcareSiteInvestigator><investigator xsi:type="RemoteInvestigatorType"><assignedIdentifier>72612</assignedIdentifier><firstName>Robert</firstName><lastName>Sikorski</lastName><email>jhcccro@jhmi.edu</email><phoneNumber>(410)-955-8804</phoneNumber><externalId>10984882</externalId></investigator></healthcareSiteInvestigator></studyInvestigator><studyInvestigator><roleCode>Site Investigator</roleCode><statusCode>AC</statusCode><healthcareSiteInvestigator><investigator xsi:type="RemoteInvestigatorType"><assignedIdentifier>57189</assignedIdentifier><firstName>Arnold</firstName><lastName>Sigler</lastName><email>jhcccro@jhmi.edu</email><phoneNumber>(410)-955-8804</phoneNumber><externalId>10985151</externalId></investigator></healthcareSiteInvestigator></studyInvestigator><studyInvestigator><roleCode>Site Investigator</roleCode><statusCode>AC</statusCode><healthcareSiteInvestigator><investigator xsi:type="RemoteInvestigatorType"><assignedIdentifier>51780</assignedIdentifier><firstName>Rudolph</firstName><lastName>Almaraz</lastName><email>jhcccro@jhmi.edu</email><phoneNumber>(410)-955-8804</phoneNumber><externalId>10985244</externalId></investigator></healthcareSiteInvestigator></studyInvestigator><studyInvestigator><roleCode>Site Investigator</roleCode><statusCode>AC</statusCode><healthcareSiteInvestigator><investigator xsi:type="RemoteInvestigatorType"><assignedIdentifier>54684</assignedIdentifier><firstName>Keith</firstName><lastName>Lillemoe</lastName><email>jhcccro@jhmi.edu</email><phoneNumber>(410)-955-8804</phoneNumber><faxNumber>(410)-614-2836</faxNumber><externalId>531296</externalId></investigator></healthcareSiteInvestigator></studyInvestigator><studyInvestigator><roleCode>Site Investigator</roleCode><statusCode>AC</statusCode><healthcareSiteInvestigator><investigator xsi:type="RemoteInvestigatorType"><assignedIdentifier>49294</assignedIdentifier><firstName>David</firstName><lastName>Ettinger</lastName><email>jhcccro@jhmi.edu</email><phoneNumber>(410)-955-8804</phoneNumber><faxNumber>(410)-614-9424</faxNumber><externalId>292131</externalId></investigator></healthcareSiteInvestigator></studyInvestigator><studyInvestigator><roleCode>Site Investigator</roleCode><statusCode>AC</statusCode><healthcareSiteInvestigator><investigator xsi:type="RemoteInvestigatorType"><assignedIdentifier>221508</assignedIdentifier><firstName>Michael</firstName><lastName>Borowitz</lastName><email>jhcccro@jhmi.edu</email><phoneNumber>(410)-955-8804</phoneNumber><externalId>7545707</externalId></investigator></healthcareSiteInvestigator></studyInvestigator><studyInvestigator><roleCode>Site Investigator</roleCode><statusCode>AC</statusCode><healthcareSiteInvestigator><investigator xsi:type="RemoteInvestigatorType"><assignedIdentifier>52120</assignedIdentifier><firstName>Hyam</firstName><lastName>Levitsky</lastName><email>jhcccro@jhmi.edu</email><phoneNumber>(410)-955-8804</phoneNumber><externalId>389330</externalId></investigator></healthcareSiteInvestigator></studyInvestigator><studyInvestigator><roleCode>Site Investigator</roleCode><statusCode>AC</statusCode><healthcareSiteInvestigator><investigator xsi:type="RemoteInvestigatorType"><assignedIdentifier>220382</assignedIdentifier><firstName>Jason</firstName><lastName>Farrar</lastName><email>jhcccro@jhmi.edu</email><phoneNumber>(410)-955-8804</phoneNumber><faxNumber>(410)-502-7223</faxNumber><externalId>7055481</externalId></investigator></healthcareSiteInvestigator></studyInvestigator><studyInvestigator><roleCode>Site Investigator</roleCode><statusCode>AC</statusCode><healthcareSiteInvestigator><investigator xsi:type="RemoteInvestigatorType"><assignedIdentifier>55381</assignedIdentifier><firstName>Philip</firstName><lastName>Burke</lastName><email>jhcccro@jhmi.edu</email><phoneNumber>(410)-955-8804</phoneNumber><externalId>545614</externalId></investigator></healthcareSiteInvestigator></studyInvestigator><studyInvestigator><roleCode>Site Investigator</roleCode><statusCode>AC</statusCode><healthcareSiteInvestigator><investigator xsi:type="RemoteInvestigatorType"><assignedIdentifier>610</assignedIdentifier><firstName>Charles</firstName><lastName>Rudin</lastName><email>rudin@jhmi.edu</email><phoneNumber>(410)-502-0678</phoneNumber><faxNumber>(410)-502-0677</faxNumber><externalId>282782</externalId></investigator></healthcareSiteInvestigator></studyInvestigator><studyInvestigator><roleCode>Site Investigator</roleCode><statusCode>AC</statusCode><healthcareSiteInvestigator><investigator xsi:type="RemoteInvestigatorType"><assignedIdentifier>49630</assignedIdentifier><firstName>Atul</firstName><lastName>Bedi</lastName><email>jhcccro@jhmi.edu</email><phoneNumber>(410)-955-8804</phoneNumber><externalId>313028</externalId></investigator></healthcareSiteInvestigator></studyInvestigator><studyInvestigator><roleCode>Site Investigator</roleCode><statusCode>AC</statusCode><healthcareSiteInvestigator><investigator xsi:type="RemoteInvestigatorType"><assignedIdentifier>552</assignedIdentifier><firstName>John</firstName><lastName>Laterra</lastName><email>jhcccro@jhmi.edu</email><phoneNumber>(410)-955-8804</phoneNumber><faxNumber>(410)-614-9569</faxNumber><externalId>282304</externalId></investigator></healthcareSiteInvestigator></studyInvestigator><studyInvestigator><roleCode>Site Investigator</roleCode><statusCode>AC</statusCode><healthcareSiteInvestigator><investigator xsi:type="LocalInvestigatorType"><assignedIdentifier>9945</assignedIdentifier><firstName>Test</firstName><lastName>Tester</lastName><email>test.tester@test.com</email></investigator></healthcareSiteInvestigator></studyInvestigator><studyInvestigator><roleCode>Site Investigator</roleCode><statusCode>AC</statusCode><healthcareSiteInvestigator><investigator xsi:type="RemoteInvestigatorType"><assignedIdentifier>198069</assignedIdentifier><firstName>Katherine</firstName><lastName>Thornton</lastName><email>jhcccro@jhmi.edu</email><phoneNumber>(410)-955-8804</phoneNumber><faxNumber>(410)-955-8587</faxNumber><externalId>2697523</externalId></investigator></healthcareSiteInvestigator></studyInvestigator><studyInvestigator><roleCode>Site Investigator</roleCode><statusCode>AC</statusCode><healthcareSiteInvestigator><investigator xsi:type="RemoteInvestigatorType"><assignedIdentifier>60638</assignedIdentifier><firstName>Richard</firstName><lastName>Jones</lastName><email>jhcccro@jhmi.edu</email><phoneNumber>(410)-955-8804</phoneNumber><faxNumber>(410)-614-7279</faxNumber><externalId>738960</externalId></investigator></healthcareSiteInvestigator></studyInvestigator><studyInvestigator><roleCode>Site Investigator</roleCode><statusCode>AC</statusCode><healthcareSiteInvestigator><investigator xsi:type="RemoteInvestigatorType"><assignedIdentifier>145007</assignedIdentifier><firstName>Ciro</firstName><lastName>Martins</lastName><email>jhcccro@jhmi.edu</email><phoneNumber>(410)-955-8804</phoneNumber><faxNumber>(410)-614-0635</faxNumber><externalId>1751815</externalId></investigator></healthcareSiteInvestigator></studyInvestigator><studyInvestigator><roleCode>Site Investigator</roleCode><statusCode>AC</statusCode><healthcareSiteInvestigator><investigator xsi:type="RemoteInvestigatorType"><assignedIdentifier>149510</assignedIdentifier><firstName>Michelle</firstName><lastName>Rudek</lastName><email>jhcccro@jhmi.edu</email><phoneNumber>(410)-955-8804</phoneNumber><faxNumber>(410)-614-9006</faxNumber><externalId>1836372</externalId></investigator></healthcareSiteInvestigator></studyInvestigator><studyInvestigator><roleCode>Site Investigator</roleCode><statusCode>AC</statusCode><healthcareSiteInvestigator><investigator xsi:type="RemoteInvestigatorType"><assignedIdentifier>150081</assignedIdentifier><firstName>George</firstName><lastName>Jallo</lastName><email>jhcccro@jhmi.edu</email><phoneNumber>(410)-955-8804</phoneNumber><faxNumber>(410)-955-7862</faxNumber><externalId>1849131</externalId></investigator></healthcareSiteInvestigator></studyInvestigator><studyInvestigator><roleCode>Site Investigator</roleCode><statusCode>AC</statusCode><healthcareSiteInvestigator><investigator xsi:type="RemoteInvestigatorType"><assignedIdentifier>153219</assignedIdentifier><firstName>Christine</firstName><lastName>Gourin</lastName><email>jhcccro@jhmi.edu</email><phoneNumber>(410)-955-8804</phoneNumber><faxNumber>(410)-955-0035</faxNumber><externalId>1934972</externalId></investigator></healthcareSiteInvestigator></studyInvestigator><studyInvestigator><roleCode>Site Investigator</roleCode><statusCode>AC</statusCode><healthcareSiteInvestigator><investigator xsi:type="RemoteInvestigatorType"><assignedIdentifier>71390</assignedIdentifier><firstName>Jeffery</firstName><lastName>Williams</lastName><email>jhcccro@jhmi.edu</email><phoneNumber>(410)-955-8804</phoneNumber><externalId>1382504</externalId></investigator></healthcareSiteInvestigator></studyInvestigator><studyInvestigator><roleCode>Site Investigator</roleCode><statusCode>AC</statusCode><healthcareSiteInvestigator><investigator xsi:type="RemoteInvestigatorType"><assignedIdentifier>330</assignedIdentifier><firstName>Stuart</firstName><lastName>Grossman</lastName><email>jhcccro@jhmi.edu</email><phoneNumber>(410)-955-8804</phoneNumber><faxNumber>(410)-614-9335</faxNumber><externalId>276589</externalId></investigator></healthcareSiteInvestigator></studyInvestigator><studyInvestigator><roleCode>Site Investigator</roleCode><statusCode>AC</statusCode><healthcareSiteInvestigator><investigator xsi:type="RemoteInvestigatorType"><assignedIdentifier>52044</assignedIdentifier><firstName>R.</firstName><lastName>Baker</lastName><email>jhcccro@jhmi.edu</email><phoneNumber>(410)-955-8804</phoneNumber><externalId>385899</externalId></investigator></healthcareSiteInvestigator></studyInvestigator><studyInvestigator><roleCode>Site Investigator</roleCode><statusCode>AC</statusCode><healthcareSiteInvestigator><investigator xsi:type="RemoteInvestigatorType"><assignedIdentifier>54676</assignedIdentifier><firstName>John</firstName><lastName>Cameron</lastName><email>jhcccro@jhmi.edu</email><phoneNumber>(410)-955-8804</phoneNumber><externalId>530830</externalId></investigator></healthcareSiteInvestigator></studyInvestigator><studyInvestigator><roleCode>Site Investigator</roleCode><statusCode>AC</statusCode><healthcareSiteInvestigator><investigator xsi:type="RemoteInvestigatorType"><assignedIdentifier>816</assignedIdentifier><firstName>Steven</firstName><lastName>Gore</lastName><email>gorest@Jhmi.edu</email><phoneNumber>(410)-955-8781</phoneNumber><faxNumber>(410)-614-1005</faxNumber><externalId>285625</externalId></investigator></healthcareSiteInvestigator></studyInvestigator><studyInvestigator><roleCode>Site Investigator</roleCode><statusCode>AC</statusCode><healthcareSiteInvestigator><investigator xsi:type="RemoteInvestigatorType"><assignedIdentifier>49248</assignedIdentifier><firstName>Martin</firstName><lastName>Abeloff</lastName><email>jhcccro@jhmi.edu</email><phoneNumber>(410)-955-8804</phoneNumber><faxNumber>(410)-955-6787</faxNumber><externalId>289486</externalId></investigator></healthcareSiteInvestigator></studyInvestigator><studyInvestigator><roleCode>Site Investigator</roleCode><statusCode>AC</statusCode><healthcareSiteInvestigator><investigator xsi:type="RemoteInvestigatorType"><assignedIdentifier>49467</assignedIdentifier><firstName>Curt</firstName><lastName>Civin</lastName><email>jhcccro@jhmi.edu</email><phoneNumber>(410)-955-8804</phoneNumber><faxNumber>(410)-955-8897</faxNumber><externalId>302171</externalId></investigator></healthcareSiteInvestigator></studyInvestigator><studyInvestigator><roleCode>Site Investigator</roleCode><statusCode>AC</statusCode><healthcareSiteInvestigator><investigator xsi:type="RemoteInvestigatorType"><assignedIdentifier>50018</assignedIdentifier><firstName>Stephen</firstName><lastName>Yang</lastName><email>jhcccro@jhmi.edu</email><phoneNumber>(410)-955-8804</phoneNumber><faxNumber>(410)-614-9428</faxNumber><externalId>336386</externalId></investigator></healthcareSiteInvestigator></studyInvestigator><studyInvestigator><roleCode>Site Investigator</roleCode><statusCode>AC</statusCode><healthcareSiteInvestigator><investigator xsi:type="RemoteInvestigatorType"><assignedIdentifier>50197</assignedIdentifier><firstName>Richard</firstName><lastName>Heitmiller</lastName><email>jhcccro@jhmi.edu</email><phoneNumber>(410)-955-8804</phoneNumber><externalId>346045</externalId></investigator></healthcareSiteInvestigator></studyInvestigator><studyInvestigator><roleCode>Site Investigator</roleCode><statusCode>AC</statusCode><healthcareSiteInvestigator><investigator xsi:type="RemoteInvestigatorType"><assignedIdentifier>50682</assignedIdentifier><firstName>Hayden</firstName><lastName>Braine</lastName><email>jhcccro@jhmi.edu</email><phoneNumber>(410)-955-8804</phoneNumber><faxNumber>410-614-1328</faxNumber><externalId>353608</externalId></investigator></healthcareSiteInvestigator></studyInvestigator><studyInvestigator><roleCode>Site Investigator</roleCode><statusCode>AC</statusCode><healthcareSiteInvestigator><investigator xsi:type="RemoteInvestigatorType"><assignedIdentifier>51390</assignedIdentifier><firstName>Constance</firstName><lastName>Griffin</lastName><email>jhcccro@jhmi.edu</email><phoneNumber>(410)-955-8804</phoneNumber><externalId>363443</externalId></investigator></healthcareSiteInvestigator></studyInvestigator><studyInvestigator><roleCode>Site Investigator</roleCode><statusCode>AC</statusCode><healthcareSiteInvestigator><investigator xsi:type="RemoteInvestigatorType"><assignedIdentifier>51943</assignedIdentifier><firstName>Michael</firstName><lastName>Kastan</lastName><email>jhcccro@jhmi.edu</email><phoneNumber>(410)-955-8804</phoneNumber><externalId>380769</externalId></investigator></healthcareSiteInvestigator></studyInvestigator><studyInvestigator><roleCode>Site Investigator</roleCode><statusCode>AC</statusCode><healthcareSiteInvestigator><investigator xsi:type="RemoteInvestigatorType"><assignedIdentifier>52027</assignedIdentifier><firstName>Haskins</firstName><lastName>Kashima</lastName><email>jhcccro@jhmi.edu</email><phoneNumber>(410)-955-8804</phoneNumber><externalId>384954</externalId></investigator></healthcareSiteInvestigator></studyInvestigator><studyInvestigator><roleCode>Site Investigator</roleCode><statusCode>AC</statusCode><healthcareSiteInvestigator><investigator xsi:type="RemoteInvestigatorType"><assignedIdentifier>52471</assignedIdentifier><firstName>Henry</firstName><lastName>Brem</lastName><email>jhcccro@jhmi.edu</email><phoneNumber>(410)-955-8804</phoneNumber><faxNumber>(410)-614-0478</faxNumber><externalId>406158</externalId></investigator></healthcareSiteInvestigator></studyInvestigator><studyInvestigator><roleCode>Site Investigator</roleCode><statusCode>AC</statusCode><healthcareSiteInvestigator><investigator xsi:type="RemoteInvestigatorType"><assignedIdentifier>52855</assignedIdentifier><firstName>Charles</firstName><lastName>Hesdorffer</lastName><email>jhcccro@jhmi.edu</email><phoneNumber>(410)-955-8804</phoneNumber><faxNumber>(410)-550-0135</faxNumber><externalId>429188</externalId></investigator></healthcareSiteInvestigator></studyInvestigator><studyInvestigator><roleCode>Site Investigator</roleCode><statusCode>AC</statusCode><healthcareSiteInvestigator><investigator xsi:type="RemoteInvestigatorType"><assignedIdentifier>53059</assignedIdentifier><firstName>Richard</firstName><lastName>Wahl</lastName><email>jhcccro@jhmi.edu</email><phoneNumber>(410)-955-8804</phoneNumber><faxNumber>(410)-287-2933</faxNumber><externalId>441725</externalId></investigator></healthcareSiteInvestigator></studyInvestigator><studyInvestigator><roleCode>Site Investigator</roleCode><statusCode>AC</statusCode><healthcareSiteInvestigator><investigator xsi:type="RemoteInvestigatorType"><assignedIdentifier>53343</assignedIdentifier><firstName>Steven</firstName><lastName>Goodman</lastName><email>jhcccro@jhmi.edu</email><phoneNumber>(410)-955-8804</phoneNumber><externalId>458290</externalId></investigator></healthcareSiteInvestigator></studyInvestigator><studyInvestigator><roleCode>Site Investigator</roleCode><statusCode>AC</statusCode><healthcareSiteInvestigator><investigator xsi:type="RemoteInvestigatorType"><assignedIdentifier>53552</assignedIdentifier><firstName>Alan</firstName><lastName>Friedman</lastName><email>jhcccro@jhmi.edu</email><phoneNumber>(410)-955-8804</phoneNumber><faxNumber>(410)-955-8897</faxNumber><externalId>469712</externalId></investigator></healthcareSiteInvestigator></studyInvestigator><studyInvestigator><roleCode>Site Investigator</roleCode><statusCode>AC</statusCode><healthcareSiteInvestigator><investigator xsi:type="RemoteInvestigatorType"><assignedIdentifier>53879</assignedIdentifier><firstName>Michael</firstName><lastName>Choti</lastName><email>jhcccro@jhmi.edu</email><phoneNumber>(410)-955-8804</phoneNumber><faxNumber>(410)-614-4667</faxNumber><externalId>486593</externalId></investigator></healthcareSiteInvestigator></studyInvestigator><studyInvestigator><roleCode>Site Investigator</roleCode><statusCode>AC</statusCode><healthcareSiteInvestigator><investigator xsi:type="RemoteInvestigatorType"><assignedIdentifier>54326</assignedIdentifier><firstName>Alessandro</firstName><lastName>Olivi</lastName><email>jhcccro@jhmi.edu</email><phoneNumber>(410)-955-8804</phoneNumber><faxNumber>(410)-614-9877</faxNumber><externalId>511645</externalId></investigator></healthcareSiteInvestigator></studyInvestigator><studyInvestigator><roleCode>Site Investigator</roleCode><statusCode>AC</statusCode><healthcareSiteInvestigator><investigator xsi:type="RemoteInvestigatorType"><assignedIdentifier>54795</assignedIdentifier><firstName>Robert</firstName><lastName>Bristow</lastName><email>jhcccro@jhmi.edu</email><phoneNumber>(410)-955-8804</phoneNumber><faxNumber>(410)-614-8718</faxNumber><externalId>537967</externalId></investigator></healthcareSiteInvestigator></studyInvestigator><studyInvestigator><roleCode>Site Investigator</roleCode><statusCode>AC</statusCode><healthcareSiteInvestigator><investigator xsi:type="RemoteInvestigatorType"><assignedIdentifier>56393</assignedIdentifier><firstName>Mack</firstName><lastName>Mabry</lastName><email>jhcccro@jhmi.edu</email><phoneNumber>(410)-955-8804</phoneNumber><externalId>605014</externalId></investigator></healthcareSiteInvestigator></studyInvestigator><studyInvestigator><roleCode>Site Investigator</roleCode><statusCode>AC</statusCode><healthcareSiteInvestigator><investigator xsi:type="RemoteInvestigatorType"><assignedIdentifier>56452</assignedIdentifier><firstName>Fredrick</firstName><lastName>Montz</lastName><email>jhcccro@jhmi.edu</email><phoneNumber>(410)-955-8804</phoneNumber><faxNumber>(410)-614-8718</faxNumber><externalId>608766</externalId></investigator></healthcareSiteInvestigator></studyInvestigator><studyInvestigator><roleCode>Site Investigator</roleCode><statusCode>AC</statusCode><healthcareSiteInvestigator><investigator xsi:type="RemoteInvestigatorType"><assignedIdentifier>56462</assignedIdentifier><firstName>Jerry</firstName><lastName>Spivak</lastName><email>jhcccro@jhmi.edu</email><phoneNumber>(410)-955-8804</phoneNumber><faxNumber>(410)-614-0854</faxNumber><externalId>609337</externalId></investigator></healthcareSiteInvestigator></studyInvestigator><studyInvestigator><roleCode>Site Investigator</roleCode><statusCode>AC</statusCode><healthcareSiteInvestigator><investigator xsi:type="RemoteInvestigatorType"><assignedIdentifier>56495</assignedIdentifier><firstName>Mary</firstName><lastName>Bolton</lastName><email>jhcccro@jhmi.edu</email><phoneNumber>(410)-955-8804</phoneNumber><externalId>611142</externalId></investigator></healthcareSiteInvestigator></studyInvestigator><studyInvestigator><roleCode>Site Investigator</roleCode><statusCode>AC</statusCode><healthcareSiteInvestigator><investigator xsi:type="RemoteInvestigatorType"><assignedIdentifier>56634</assignedIdentifier><firstName>Steven</firstName><lastName>Piantadosi</lastName><email>jhcccro@jhmi.edu</email><phoneNumber>(410)-955-8804</phoneNumber><externalId>619483</externalId></investigator></healthcareSiteInvestigator></studyInvestigator><studyInvestigator><roleCode>Site Investigator</roleCode><statusCode>AC</statusCode><healthcareSiteInvestigator><investigator xsi:type="RemoteInvestigatorType"><assignedIdentifier>56943</assignedIdentifier><firstName>Gregory</firstName><lastName>Kato</lastName><email>jhcccro@jhmi.edu</email><phoneNumber>(410)-955-8804</phoneNumber><externalId>635600</externalId></investigator></healthcareSiteInvestigator></studyInvestigator><studyInvestigator><roleCode>Site Investigator</roleCode><statusCode>AC</statusCode><healthcareSiteInvestigator><investigator xsi:type="RemoteInvestigatorType"><assignedIdentifier>59478</assignedIdentifier><firstName>Rein</firstName><lastName>Saral</lastName><email>jhcccro@jhmi.edu</email><phoneNumber>(410)-955-8804</phoneNumber><externalId>683315</externalId></investigator></healthcareSiteInvestigator></studyInvestigator><studyInvestigator><roleCode>Site Investigator</roleCode><statusCode>AC</statusCode><healthcareSiteInvestigator><investigator xsi:type="RemoteInvestigatorType"><assignedIdentifier>59825</assignedIdentifier><firstName>Hideki</firstName><lastName>Akiyama</lastName><email>jhcccro@jhmi.edu</email><phoneNumber>(410)-955-8804</phoneNumber><externalId>698189</externalId></investigator></healthcareSiteInvestigator></studyInvestigator><studyInvestigator><roleCode>Site Investigator</roleCode><statusCode>AC</statusCode><healthcareSiteInvestigator><investigator xsi:type="RemoteInvestigatorType"><assignedIdentifier>59939</assignedIdentifier><firstName>Jonathan</firstName><lastName>Chernoff</lastName><email>jhcccro@jhmi.edu</email><phoneNumber>(410)-955-8804</phoneNumber><externalId>703664</externalId></investigator></healthcareSiteInvestigator></studyInvestigator><studyInvestigator><roleCode>Site Investigator</roleCode><statusCode>AC</statusCode><healthcareSiteInvestigator><investigator xsi:type="RemoteInvestigatorType"><assignedIdentifier>60005</assignedIdentifier><firstName>Eithne</firstName><lastName>Macmahon</lastName><email>jhcccro@jhmi.edu</email><phoneNumber>(410)-955-8804</phoneNumber><externalId>706830</externalId></investigator></healthcareSiteInvestigator></studyInvestigator><studyInvestigator><roleCode>Site Investigator</roleCode><statusCode>AC</statusCode><healthcareSiteInvestigator><investigator xsi:type="RemoteInvestigatorType"><assignedIdentifier>60803</assignedIdentifier><firstName>Michael</firstName><lastName>Carducci</lastName><email>carducci@jhmi.edu</email><phoneNumber>(410)-614-3977</phoneNumber><faxNumber>(410)-614-8160</faxNumber><externalId>748299</externalId></investigator></healthcareSiteInvestigator></studyInvestigator><studyInvestigator><roleCode>Site Investigator</roleCode><statusCode>AC</statusCode><healthcareSiteInvestigator><investigator xsi:type="RemoteInvestigatorType"><assignedIdentifier>61423</assignedIdentifier><firstName>Brigid</firstName><lastName>Leventhal</lastName><email>jhcccro@jhmi.edu</email><phoneNumber>(410)-955-8804</phoneNumber><externalId>786764</externalId></investigator></healthcareSiteInvestigator></studyInvestigator><studyInvestigator><roleCode>Site Investigator</roleCode><statusCode>AC</statusCode><healthcareSiteInvestigator><investigator xsi:type="RemoteInvestigatorType"><assignedIdentifier>61685</assignedIdentifier><firstName>George</firstName><lastName>Chen</lastName><email>jhcccro@jhmi.edu</email><phoneNumber>(410)-955-8804</phoneNumber><externalId>802739</externalId></investigator></healthcareSiteInvestigator></studyInvestigator><studyInvestigator><roleCode>Site Investigator</roleCode><statusCode>AC</statusCode><healthcareSiteInvestigator><investigator xsi:type="RemoteInvestigatorType"><assignedIdentifier>61738</assignedIdentifier><firstName>Richard</firstName><lastName>Ambinder</lastName><email>jhcccro@jhmi.edu</email><phoneNumber>(410)-955-8804</phoneNumber><faxNumber>(410)-955-0961</faxNumber><externalId>805903</externalId></investigator></healthcareSiteInvestigator></studyInvestigator><studyInvestigator><roleCode>Site Investigator</roleCode><statusCode>AC</statusCode><healthcareSiteInvestigator><investigator xsi:type="RemoteInvestigatorType"><assignedIdentifier>61773</assignedIdentifier><firstName>Deborah</firstName><lastName>Armstrong</lastName><email>jhcccro@jhmi.edu</email><phoneNumber>(410)-955-8804</phoneNumber><faxNumber>(410)-955-0125</faxNumber><externalId>808042</externalId></investigator></healthcareSiteInvestigator></studyInvestigator><studyInvestigator><roleCode>Site Investigator</roleCode><statusCode>AC</statusCode><healthcareSiteInvestigator><investigator xsi:type="RemoteInvestigatorType"><assignedIdentifier>61838</assignedIdentifier><firstName>Eric</firstName><lastName>Vonderheid</lastName><email>jhcccro@jhmi.edu</email><phoneNumber>(410)-955-8804</phoneNumber><faxNumber>(410)-614-0635</faxNumber><externalId>812152</externalId></investigator></healthcareSiteInvestigator></studyInvestigator><studyInvestigator><roleCode>Site Investigator</roleCode><statusCode>AC</statusCode><healthcareSiteInvestigator><investigator xsi:type="RemoteInvestigatorType"><assignedIdentifier>62382</assignedIdentifier><firstName>Jose</firstName><lastName>Passos-Coelho</lastName><email>jhcccro@jhmi.edu</email><phoneNumber>(410)-955-8804</phoneNumber><externalId>843294</externalId></investigator></healthcareSiteInvestigator></studyInvestigator><studyInvestigator><roleCode>Site Investigator</roleCode><statusCode>AC</statusCode><healthcareSiteInvestigator><investigator xsi:type="RemoteInvestigatorType"><assignedIdentifier>62475</assignedIdentifier><firstName>Samuel</firstName><lastName>Denmeade</lastName><email>jhcccro@jhmi.edu</email><phoneNumber>(410)-955-8804</phoneNumber><faxNumber>(410)-614-8397</faxNumber><externalId>847896</externalId></investigator></healthcareSiteInvestigator></studyInvestigator><studyInvestigator><roleCode>Site Investigator</roleCode><statusCode>AC</statusCode><healthcareSiteInvestigator><investigator xsi:type="RemoteInvestigatorType"><assignedIdentifier>62743</assignedIdentifier><firstName>Tian-Ling</firstName><lastName>Chen</lastName><email>jhcccro@jhmi.edu</email><phoneNumber>(410)-955-8804</phoneNumber><externalId>862089</externalId></investigator></healthcareSiteInvestigator></studyInvestigator><studyInvestigator><roleCode>Site Investigator</roleCode><statusCode>AC</statusCode><healthcareSiteInvestigator><investigator xsi:type="RemoteInvestigatorType"><assignedIdentifier>63390</assignedIdentifier><firstName>Lawrence</firstName><lastName>Kleinberg</lastName><email>kleinla@jhmi.edu</email><phoneNumber>(410)-614-2597</phoneNumber><faxNumber>(410)-502-1419</faxNumber><externalId>1010869</externalId></investigator></healthcareSiteInvestigator></studyInvestigator><studyInvestigator><roleCode>Site Investigator</roleCode><statusCode>AC</statusCode><healthcareSiteInvestigator><investigator xsi:type="RemoteInvestigatorType"><assignedIdentifier>63423</assignedIdentifier><firstName>Vinay</firstName><lastName>Chaudhry</lastName><email>jhcccro@jhmi.edu</email><phoneNumber>(410)-955-8804</phoneNumber><externalId>1012784</externalId></investigator></healthcareSiteInvestigator></studyInvestigator><studyInvestigator><roleCode>Site Investigator</roleCode><statusCode>AC</statusCode><healthcareSiteInvestigator><investigator xsi:type="RemoteInvestigatorType"><assignedIdentifier>63563</assignedIdentifier><firstName>Charles</firstName><lastName>Flexner</lastName><email>jhcccro@jhmi.edu</email><phoneNumber>(410)-955-8804</phoneNumber><faxNumber>410-955-9708</faxNumber><externalId>1020724</externalId></investigator></healthcareSiteInvestigator></studyInvestigator><studyInvestigator><roleCode>Site Investigator</roleCode><statusCode>AC</statusCode><healthcareSiteInvestigator><investigator xsi:type="RemoteInvestigatorType"><assignedIdentifier>64907</assignedIdentifier><firstName>Theodore</firstName><lastName>Tsangaris</lastName><email>ttsanga1@jhmi.edu</email><phoneNumber>(410)-955-2615</phoneNumber><faxNumber>(410)-955-1945</faxNumber><externalId>1088238</externalId></investigator></healthcareSiteInvestigator></studyInvestigator><studyInvestigator><roleCode>Site Investigator</roleCode><statusCode>AC</statusCode><healthcareSiteInvestigator><investigator xsi:type="RemoteInvestigatorType"><assignedIdentifier>64953</assignedIdentifier><firstName>Charles</firstName><lastName>Balch</lastName><email>jhcccro@jhmi.edu</email><phoneNumber>(410)-955-8804</phoneNumber><faxNumber>(410)-502-0403</faxNumber><externalId>1090906</externalId></investigator></healthcareSiteInvestigator></studyInvestigator><studyInvestigator><roleCode>Site Investigator</roleCode><statusCode>AC</statusCode><healthcareSiteInvestigator><investigator xsi:type="RemoteInvestigatorType"><assignedIdentifier>65245</assignedIdentifier><firstName>Michael</firstName><lastName>Johns</lastName><email>jhcccro@jhmi.edu</email><phoneNumber>(410)-955-8804</phoneNumber><externalId>1107618</externalId></investigator></healthcareSiteInvestigator></studyInvestigator><studyInvestigator><roleCode>Site Investigator</roleCode><statusCode>AC</statusCode><healthcareSiteInvestigator><investigator xsi:type="RemoteInvestigatorType"><assignedIdentifier>65352</assignedIdentifier><firstName>George</firstName><lastName>Santos</lastName><email>jhcccro@jhmi.edu</email><phoneNumber>(410)-955-8804</phoneNumber><externalId>1113072</externalId></investigator></healthcareSiteInvestigator></studyInvestigator><studyInvestigator><roleCode>Site Investigator</roleCode><statusCode>AC</statusCode><healthcareSiteInvestigator><investigator xsi:type="RemoteInvestigatorType"><assignedIdentifier>66635</assignedIdentifier><firstName>Benjamin</firstName><lastName>Carson</lastName><email>jhcccro@jhmi.edu</email><phoneNumber>(410)-955-8804</phoneNumber><faxNumber>(410)-955-0626</faxNumber><externalId>1167748</externalId></investigator></healthcareSiteInvestigator></studyInvestigator><studyInvestigator><roleCode>Site Investigator</roleCode><statusCode>AC</statusCode><healthcareSiteInvestigator><investigator xsi:type="RemoteInvestigatorType"><assignedIdentifier>66923</assignedIdentifier><firstName>Elizabeth</firstName><lastName>Jaffee</lastName><email>jhcccro@jhmi.edu</email><phoneNumber>(410)-955-8804</phoneNumber><externalId>1180639</externalId></investigator></healthcareSiteInvestigator></studyInvestigator><studyInvestigator><roleCode>Site Investigator</roleCode><statusCode>AC</statusCode><healthcareSiteInvestigator><investigator xsi:type="RemoteInvestigatorType"><assignedIdentifier>67023</assignedIdentifier><firstName>Joseph</firstName><lastName>Eggleston</lastName><email>jhcccro@jhmi.edu</email><phoneNumber>(410)-955-8804</phoneNumber><externalId>1182607</externalId></investigator></healthcareSiteInvestigator></studyInvestigator><studyInvestigator><roleCode>Site Investigator</roleCode><statusCode>AC</statusCode><healthcareSiteInvestigator><investigator xsi:type="RemoteInvestigatorType"><assignedIdentifier>67219</assignedIdentifier><firstName>Robert</firstName><lastName>Bryan</lastName><email>jhcccro@jhmi.edu</email><phoneNumber>(410)-955-8804</phoneNumber><externalId>1190049</externalId></investigator></healthcareSiteInvestigator></studyInvestigator><studyInvestigator><roleCode>Site Investigator</roleCode><statusCode>AC</statusCode><healthcareSiteInvestigator><investigator xsi:type="RemoteInvestigatorType"><assignedIdentifier>67539</assignedIdentifier><firstName>Howard</firstName><lastName>Kaufman</lastName><email>jhcccro@jhmi.edu</email><phoneNumber>(410)-955-8804</phoneNumber><externalId>1208143</externalId></investigator></healthcareSiteInvestigator></studyInvestigator><studyInvestigator><roleCode>Site Investigator</roleCode><statusCode>AC</statusCode><healthcareSiteInvestigator><investigator xsi:type="RemoteInvestigatorType"><assignedIdentifier>67597</assignedIdentifier><firstName>Ding-Jen</firstName><lastName>Lee</lastName><email>jhcccro@jhmi.edu</email><phoneNumber>(410)-955-8804</phoneNumber><faxNumber>(410)-502-1419</faxNumber><externalId>1210886</externalId></investigator></healthcareSiteInvestigator></studyInvestigator><studyInvestigator><roleCode>Site Investigator</roleCode><statusCode>AC</statusCode><healthcareSiteInvestigator><investigator xsi:type="RemoteInvestigatorType"><assignedIdentifier>67770</assignedIdentifier><firstName>Raymond</firstName><lastName>Lenhard</lastName><email>jhcccro@jhmi.edu</email><phoneNumber>(410)-955-8804</phoneNumber><externalId>1220787</externalId></investigator></healthcareSiteInvestigator></studyInvestigator><studyInvestigator><roleCode>Site Investigator</roleCode><statusCode>AC</statusCode><healthcareSiteInvestigator><investigator xsi:type="RemoteInvestigatorType"><assignedIdentifier>68065</assignedIdentifier><firstName>John</firstName><lastName>Price</lastName><email>jhcccro@jhmi.edu</email><phoneNumber>(410)-955-8804</phoneNumber><externalId>1226661</externalId></investigator></healthcareSiteInvestigator></studyInvestigator><studyInvestigator><roleCode>Site Investigator</roleCode><statusCode>AC</statusCode><healthcareSiteInvestigator><investigator xsi:type="RemoteInvestigatorType"><assignedIdentifier>68384</assignedIdentifier><firstName>George</firstName><lastName>Dover</lastName><email>jhcccro@jhmi.edu</email><phoneNumber>(410)-955-8804</phoneNumber><faxNumber>(410)-955-9850</faxNumber><externalId>1244516</externalId></investigator></healthcareSiteInvestigator></studyInvestigator><studyInvestigator><roleCode>Site Investigator</roleCode><statusCode>AC</statusCode><healthcareSiteInvestigator><investigator xsi:type="RemoteInvestigatorType"><assignedIdentifier>69026</assignedIdentifier><firstName>Richard</firstName><lastName>Humphrey</lastName><email>jhcccro@jhmi.edu</email><phoneNumber>(410)-955-8804</phoneNumber><externalId>1270728</externalId></investigator></healthcareSiteInvestigator></studyInvestigator><studyInvestigator><roleCode>Site Investigator</roleCode><statusCode>AC</statusCode><healthcareSiteInvestigator><investigator xsi:type="RemoteInvestigatorType"><assignedIdentifier>69331</assignedIdentifier><firstName>Lea</firstName><lastName>Norris</lastName><email>jhcccro@jhmi.edu</email><phoneNumber>(410)-955-8804</phoneNumber><externalId>1287236</externalId></investigator></healthcareSiteInvestigator></studyInvestigator><studyInvestigator><roleCode>Site Investigator</roleCode><statusCode>AC</statusCode><healthcareSiteInvestigator><investigator xsi:type="RemoteInvestigatorType"><assignedIdentifier>69441</assignedIdentifier><firstName>Rex</firstName><lastName>Yung</lastName><email>jhcccro@jhmi.edu</email><phoneNumber>(410)-955-8804</phoneNumber><faxNumber>(410)-614-7451</faxNumber><externalId>1293390</externalId></investigator></healthcareSiteInvestigator></studyInvestigator><studyInvestigator><roleCode>Site Investigator</roleCode><statusCode>AC</statusCode><healthcareSiteInvestigator><investigator xsi:type="RemoteInvestigatorType"><assignedIdentifier>70415</assignedIdentifier><firstName>Deborah</firstName><lastName>Frassica</lastName><email>jhcccro@jhmi.edu</email><phoneNumber>(410)-955-8804</phoneNumber><faxNumber>(410)-847-3805</faxNumber><externalId>1331937</externalId></investigator></healthcareSiteInvestigator></studyInvestigator><studyInvestigator><roleCode>Site Investigator</roleCode><statusCode>AC</statusCode><healthcareSiteInvestigator><investigator xsi:type="RemoteInvestigatorType"><assignedIdentifier>71055</assignedIdentifier><firstName>Georgia</firstName><lastName>Vogelsang</lastName><email>jhcccro@jhmi.edu</email><phoneNumber>(410)-955-8804</phoneNumber><faxNumber>(410)-955-1969</faxNumber><externalId>1366372</externalId></investigator></healthcareSiteInvestigator></studyInvestigator><studyInvestigator><roleCode>Site Investigator</roleCode><statusCode>AC</statusCode><healthcareSiteInvestigator><investigator xsi:type="RemoteInvestigatorType"><assignedIdentifier>71357</assignedIdentifier><firstName>Kathy</firstName><lastName>Helzlsouer</lastName><email>jhcccro@jhmi.edu</email><phoneNumber>(410)-955-8804</phoneNumber><faxNumber>(410)-614-2632</faxNumber><externalId>1380587</externalId></investigator></healthcareSiteInvestigator></studyInvestigator><studyInvestigator><roleCode>Site Investigator</roleCode><statusCode>AC</statusCode><healthcareSiteInvestigator><investigator xsi:type="RemoteInvestigatorType"><assignedIdentifier>72418</assignedIdentifier><firstName>S.</firstName><lastName>Zinreich</lastName><email>jhcccro@jhmi.edu</email><phoneNumber>(410)-955-8804</phoneNumber><externalId>1426897</externalId></investigator></healthcareSiteInvestigator></studyInvestigator><studyInvestigator><roleCode>Site Investigator</roleCode><statusCode>AC</statusCode><healthcareSiteInvestigator><investigator xsi:type="RemoteInvestigatorType"><assignedIdentifier>72430</assignedIdentifier><firstName>David</firstName><lastName>Sidransky</lastName><email>jhcccro@jhmi.edu</email><phoneNumber>(410)-955-8804</phoneNumber><externalId>1427334</externalId></investigator></healthcareSiteInvestigator></studyInvestigator><studyInvestigator><roleCode>Site Investigator</roleCode><statusCode>AC</statusCode><healthcareSiteInvestigator><investigator xsi:type="RemoteInvestigatorType"><assignedIdentifier>72776</assignedIdentifier><firstName>Arlene</firstName><lastName>Forastiere</lastName><email>jhcccro@jhmi.edu</email><phoneNumber>(410)-955-8804</phoneNumber><faxNumber>(410)-614-9861</faxNumber><externalId>1447168</externalId></investigator></healthcareSiteInvestigator></studyInvestigator><studyInvestigator><roleCode>Site Investigator</roleCode><statusCode>AC</statusCode><healthcareSiteInvestigator><investigator xsi:type="RemoteInvestigatorType"><assignedIdentifier>72962</assignedIdentifier><firstName>John</firstName><lastName>Modlin</lastName><email>jhcccro@jhmi.edu</email><phoneNumber>(410)-955-8804</phoneNumber><externalId>1455842</externalId></investigator></healthcareSiteInvestigator></studyInvestigator><siteStudyStatus>ACTIVE</siteStudyStatus><irbApprovalDate>2011-02-18</irbApprovalDate></studyOrganization><studyDisease gridId="af9ba2aa-27b0-4986-bade-9c655f2437b0"><diseaseTerm><term>CNS-excluded nervous sys. cancer</term><ctepTerm>CNS-excluded nervous system cancer, NOS</ctepTerm><medraCode>10029208</medraCode></diseaseTerm></studyDisease><studyDisease gridId="0e23d607-45f4-4d64-b79f-b17d0e28857b"><diseaseTerm><term>Malignant eye cancer, NOS</term><ctepTerm>Malignant eye cancer, NOS</ctepTerm><medraCode>10025549</medraCode></diseaseTerm></studyDisease><consent><name>Cosent_test</name><mandatoryIndicator>true</mandatoryIndicator><versionId>1</versionId><consentingMethod>WRITTEN</consentingMethod><consentingMethod>VERBAL</consentingMethod></consent></study>