<soapenv:Envelope xmlns:soapenv="http://schemas.xmlsoap.org/soap/envelope/" xmlns:reg="http://grid.ccts.nci.nih.gov/RegistrationConsumer" xmlns:gov="gme://ccts.cabig/1.0/gov.nih.nci.cabig.ccts.domain">
   <soapenv:Header/>
   <soapenv:Body>
      <reg:RegisterRequest>
         <reg:registration>
<registration gridId="6115c43c-851e-425c-8312-fd78367aaef3" xmlns="gme://ccts.cabig/1.0/gov.nih.nci.cabig.ccts.domain">
    <studySite gridId="9a147f4c-3a94-4883-a9b0-1926dda426be">
     <healthcareSite gridId="NCI GRID ID">
      <nciInstituteCode>NCI</nciInstituteCode>
     </healthcareSite>
     <irbApprovalDate>2008-08-25</irbApprovalDate>
     <roleCode>Affiliate Site</roleCode>
     <startDate>2008-08-25</startDate>
    </studySite>
    <studyRef gridId="51bd374c-d8b5-4759-84b3-ac6259d58648">
     <shortTitleText>Smoke Test</shortTitleText>
     <longTitleText>Smoke Test long title</longTitleText>
     <identifier xsi:type="OrganizationAssignedIdentifierType" xmlns:xsi="http://www.w3.org/2001/XMLSchema-instance">
      <type>Coordinating Center Identifier</type>
      <value>SMOKE_TEST</value>
      <primaryIndicator>true</primaryIndicator>
      <healthcareSite gridId="NCI GRID ID">
       <nciInstituteCode>NCI</nciInstituteCode>
      </healthcareSite>
     </identifier>
    </studyRef>
    <participant gridId="91dd4580-801b-4874-adeb-a174361bacea">
     <firstName>John</firstName>
     <lastName>Smith</lastName>
     
     <administrativeGenderCode>Male</administrativeGenderCode>
     <birthDate>1970-01-02</birthDate>
     <ethnicGroupCode>Non Hispanic or Latino</ethnicGroupCode>
     <raceCode>White</raceCode>
     <identifier xsi:type="OrganizationAssignedIdentifierType" xmlns:xsi="http://www.w3.org/2001/XMLSchema-instance">
      <type>MRN</type>
      <value>00-00-00-0</value>
      <primaryIndicator>true</primaryIndicator>
      <healthcareSite gridId="NCI GRID ID">
       <nciInstituteCode>NCI</nciInstituteCode>
      </healthcareSite>
     </identifier>
    </participant>
    <startDate>2008-08-25</startDate>
    <informedConsentFormSignedDate>2008-01-01</informedConsentFormSignedDate>
    <informedConsentVersion>01/07/2008</informedConsentVersion>
    <regDataEntryStatus>COMPLETE</regDataEntryStatus>
    <regWorkflowStatus>REGISTERED</regWorkflowStatus>
    <scheduledEpoch gridId="bd77eed4-f1c6-4a58-98c8-3abe3e3c204e" xsi:type="ScheduledTreatmentEpochType" xmlns:xsi="http://www.w3.org/2001/XMLSchema-instance">
     <startDate>2008-08-25</startDate>
     <epoch gridId="73b061cf-e4cc-42ec-b7a3-9b8f39ac84ef" xsi:type="TreatmentEpochType">
      <name>Treatment</name>
      
     </epoch>
     <scheduledArm>
      <arm gridId="6d3a4394-3e9e-449f-860b-039aa5e1a93e">
       <name>Arm A</name>
       <descriptionText/>
      </arm>
     </scheduledArm>
     <eligibilityIndicator>true</eligibilityIndicator>
    </scheduledEpoch>
    <stratumGroup>0:Male</stratumGroup>
   </registration>
         </reg:registration>
      </reg:RegisterRequest>
   </soapenv:Body>
</soapenv:Envelope>