<?xml version="1.0" encoding="UTF-8"?>
<!-- section='HM' subSection='PO' realm='UV' artifact='MT-deprecated' domain='RT' xmlns:mif='urn:hl7-org:v3/mif' version='01' root='DEFN'-->
<ClinicalTrial xmlns="urn:hl7-org:v3" xmlns:xsi="http://www.w3.org/2001/XMLSchema-instance" classCode="CLNTRL" moodCode="EVN">
  
 <id assigningAuthorityName="NCI" extension="CCTS_QA_03" root="51bd374c-d8b5-4759-84b3-ac6259d58648" xsi:type="II"/>
   <title xsi:type="ST">CCTS_QA_03</title>
      <component typeCode="COMP" contextConductionInd="true">
         <trialAtSite classCode="CLNTRL" moodCode="EVN">
            <location typeCode="LOC" contextControlCode="OP">
               <trialSite classCode="SDLOC">
                  <id extension="MD017" root="2.16.840.1.113883.19" xsi:type="II"/>
               </trialSite>
         </location>
         <component typeCode="COMP" contextConductionInd="true">
            <investigatorAtSite classCode="CLNTRL" moodCode="EVN">
               <responsibleParty typeCode="RESP" contextControlCode="OP">
                  <trialInvestigator classCode="CRINV">
                     <id assigningAuthorityName="PlaceHolder" extension="PlaceHolder" root="2.16.840.1.113883.19" xsi:type="II"/>
                     <investigatorNamedPerson classCode="PSN" determinerCode="INSTANCE">
                        <name xsi:type="TN">PlaceHolder</name>
                     </investigatorNamedPerson>
                  </trialInvestigator>
               </responsibleParty>
               <component typeCode="COMP" contextConductionInd="true">
                  <subjectAssignment classCode="CLNTRL" moodCode="EVN">
                     <recordTarget typeCode="RCT" contextControlCode="OP">
                   <enrolledSubject classCode="RESBJ">
		   			     <id extension="09-19-09-87" root="91dd4580-801b-4874-adeb-a174361bacea" xsi:type="II"/>
		   			      <subjectPerson classCode="PSN" determinerCode="INSTANCE">
		   			      <name xsi:type="PN">
		   				 <suffix/>
		   				 <family>Wells</family>
		   				 <given>Test Part First Name</given>
		   				 <prefix/>
		   			      </name>
		   			      <administrativeGenderCode codeSystem="2.16.840.1.113883.19" code="F" xsi:type="CV"/>
		   			      <birthTime value="19621008" xsi:type="TS"/>
		   			      <asSpareSubject classCode="RESBJ">
		   				 <id extension="09-19-09-87" root="91dd4580-801b-4874-adeb-a174361bacea" xsi:type="II"/>
		   			      </asSpareSubject>
		   			   </subjectPerson>
			</enrolledSubject>

                     </recordTarget>
                     <component typeCode="COMP" contextConductionInd="true">
                        <studyEvent classCode="CTTEVENT" moodCode="EVN">
                           <code codeSystem="2.16.840.1.113883.19" code="7235532223" xsi:type="CV"/>
                           <component typeCode="COMP" contextConductionInd="true">
                              <accession classCode="ACSN" moodCode="EVN">
                                 <author typeCode="AUT" contextControlCode="OP">
                                    <agent classCode="AGNT">
                                       <representedLaboratory classCode="ORG" determinerCode="INSTANCE">
                                          <id extension="1" root="2.16.840.1.113883.19" xsi:type="II"/>
                                       </representedLaboratory>
                                    </agent>
                                 </author>
                                 <component typeCode="COMP" contextConductionInd="true">
                                    <baseSpecimenDefinition classCode="ACT" moodCode="EVN">
                                       <subject typeCode="SBJ" contextControlCode="OP">
                                          <baseSpecimen classCode="SPEC">
                                             <productOf typeCode="PRD" contextControlCode="OP">
                                                <specimenCollectionProcedure classCode="PROC" moodCode="EVN">
                                                   <effectiveTime operator="I" xsi:type="IVL_TS">
                                                      <low inclusive="true" value="20080429222800"/>
                                                      <high inclusive="true" value="20080429222800"/>
                                                   </effectiveTime>
                                                </specimenCollectionProcedure>
                                             </productOf>
                                          </baseSpecimen>
                                       </subject>
                                      <component typeCode="COMP" contextConductionInd="true">
				      					 <baseBattery classCode="OBS" moodCode="EVN">
				      					    <component typeCode="COMP" contextConductionInd="true">
				      					       <baseUnitaryResult classCode="OBS" moodCode="EVN">
				      						  <code codeSystem="2.16.840.1.113883.19" displayName="POTASSIUM" code="POTASSIUM" xsi:type="CV"/>
				      						  <text mediaType="text/plain" representation="TXT" integrityCheckAlgorithm="SHA-1" xsi:type="ED">POTASSIUM</text>
				      						  <statusCode code="completed"/>
				      						  <value unit="mmol/L" value="4.0" xsi:type="PQ"/>
				      						  <performer typeCode="PRF" contextControlCode="OP">
				      						     <agent classCode="AGNT">
				      							<representedLaboratory classCode="ORG" determinerCode="INSTANCE">
				      							   <id extension="1" root="2.16.840.1.113883.19" xsi:type="II"/>
				      							</representedLaboratory>
				      						     </agent>
				      						  </performer>
				      						  <referenceRange typeCode="REFV" contextConductionInd="true">
				      						 <range classCode="OBS" moodCode="EVN">
				      						    <value operator="I" unit="1" xsi:type="IVL_PQ">
				      						       <high inclusive="true" unit="1" value="5.1"/>
				      						       <low inclusive="true" unit="1" value="3.3"/>
				      						    </value>
				      						 </range>
				      						  </referenceRange>  
				      					       </baseUnitaryResult>
				      					    </component>
				      					 </baseBattery>
                                       </component>
                                       </baseSpecimenDefinition>
					</component>
				     </accession>
				  </component>
			       </studyEvent>
			    </component>
			 </subjectAssignment>
		      </component>
		   </investigatorAtSite>
		</component>
	     </trialAtSite>
	  </component>
</ClinicalTrial>
