<?xml version="1.0" encoding="UTF-8"?>
<study xmlns="gme://ccts.cabig/1.0/gov.nih.nci.cabig.ccts.domain" gridId="b29d3783-887d-4271-a0eb-828a4925672b"><blindedIndicator>false</blindedIndicator><multiInstitutionIndicator>true</multiInstitutionIndicator><randomizedIndicator>false</randomizedIndicator><stratificationIndicator>false</stratificationIndicator><standaloneIndicator>true</standaloneIndicator><companionIndicator>false</companionIndicator><shortTitleText>CCTS_TST_RZ_A</shortTitleText><longTitleText>CCTS_TST_RZ_A</longTitleText><descriptionText></descriptionText><precisText></precisText><phaseCode>Phase I Trial</phaseCode><coordinatingCenterStudyStatus>PENDING</coordinatingCenterStudyStatus><type>Genetic Therapeutic</type><targetAccrualNumber>24</targetAccrualNumber><identifier xmlns:xsi="http://www.w3.org/2001/XMLSchema-instance" xsi:type="OrganizationAssignedIdentifierType"><value>NCI_RZ01</value><primaryIndicator>false</primaryIndicator><healthcareSite xsi:type="LocalHealthcareSiteType"><name>National Cancer Institute</name><address><city>Rockville</city><stateCode>MD</stateCode><countryCode>USA</countryCode></address><identifier xsi:type="OrganizationAssignedIdentifierType"><value>NCI</value><primaryIndicator>true</primaryIndicator><healthcareSite xsi:type="LocalHealthcareSiteType"><name>Cancer Therapy Evaluation Program</name><address><streetAddress>9000 Rockville Pike</streetAddress><city>Bethesda</city><stateCode>MD</stateCode><postalCode>20892</postalCode><countryCode>USA</countryCode></address><identifier xsi:type="OrganizationAssignedIdentifierType"><value>CTEP</value><primaryIndicator>true</primaryIndicator><type>CTEP</type></identifier></healthcareSite><type>CTEP</type></identifier></healthcareSite><type>COORDINATING_CENTER_IDENTIFIER</type></identifier><identifier xmlns:xsi="http://www.w3.org/2001/XMLSchema-instance" xsi:type="OrganizationAssignedIdentifierType"><value>NCI_RZ01</value><primaryIndicator>false</primaryIndicator><healthcareSite xsi:type="LocalHealthcareSiteType"><name>Lincoln Surgical Group</name><address><city>Belleville</city><stateCode>IL</stateCode><countryCode>USA</countryCode></address><identifier xsi:type="OrganizationAssignedIdentifierType"><value>IL255</value><primaryIndicator>true</primaryIndicator><healthcareSite xsi:type="LocalHealthcareSiteType"><name>Cancer Therapy Evaluation Program</name><address><streetAddress>9000 Rockville Pike</streetAddress><city>Bethesda</city><stateCode>MD</stateCode><postalCode>20892</postalCode><countryCode>USA</countryCode></address><identifier xsi:type="OrganizationAssignedIdentifierType"><value>CTEP</value><primaryIndicator>true</primaryIndicator><type>CTEP</type></identifier></healthcareSite><type>CTEP</type></identifier></healthcareSite><type>PROTOCOL_AUTHORITY_IDENTIFIER</type></identifier><identifier xmlns:xsi="http://www.w3.org/2001/XMLSchema-instance" xsi:type="OrganizationAssignedIdentifierType"><value>NCI_RZ01</value><primaryIndicator>true</primaryIndicator><healthcareSite xsi:type="LocalHealthcareSiteType"><name>Johns Hopkins University</name><address><city>Baltimore</city><stateCode>MD</stateCode><countryCode>USA</countryCode></address><identifier xsi:type="OrganizationAssignedIdentifierType"><value>MD017</value><primaryIndicator>true</primaryIndicator><healthcareSite xsi:type="LocalHealthcareSiteType"><name>Cancer Therapy Evaluation Program</name><address><streetAddress>9000 Rockville Pike</streetAddress><city>Bethesda</city><stateCode>MD</stateCode><postalCode>20892</postalCode><countryCode>USA</countryCode></address><identifier xsi:type="OrganizationAssignedIdentifierType"><value>CTEP</value><primaryIndicator>true</primaryIndicator><type>CTEP</type></identifier></healthcareSite><type>CTEP</type></identifier></healthcareSite><type>AI</type></identifier><epoch gridId="6917c03f-6024-412a-87e8-5dc1fcf49940"><name>Epoch_RZ</name><epochOrder>1</epochOrder><descriptionText>test</descriptionText><accrualCeiling>40</accrualCeiling><stratificationIndicator>false</stratificationIndicator><randomizedIndicator>false</randomizedIndicator><type>TREATMENT</type><enrollmentIndicator>true</enrollmentIndicator><arm gridId="496d3157-c15d-4437-bdc6-00f6891f99c1"><name>Arm A</name><descriptionText>test</descriptionText><targetAccrualNumber>40</targetAccrualNumber></arm><eligibilityCriteria xmlns:xsi="http://www.w3.org/2001/XMLSchema-instance" gridId="68bb6d56-69c7-4ecc-b10c-044c03dcf57d" xsi:type="ExclusionEligibilityCriteriaType"><notApplicableIndicator>true</notApplicableIndicator><questionNumber>0</questionNumber><questionText>This is a test.</questionText></eligibilityCriteria><eligibilityCriteria xmlns:xsi="http://www.w3.org/2001/XMLSchema-instance" gridId="98b367bd-aaed-4177-9cb9-1bc83a40bc39" xsi:type="InclusionEligibilityCriteriaType"><notApplicableIndicator>true</notApplicableIndicator><questionNumber>0</questionNumber><questionText>This is a test.</questionText></eligibilityCriteria></epoch><studyOrganization xmlns:xsi="http://www.w3.org/2001/XMLSchema-instance" gridId="b3873ec5-7770-497c-b61d-26b1301ed4fa" xsi:type="StudyCoordinatingCenterType"><healthcareSite xsi:type="LocalHealthcareSiteType"><name>National Cancer Institute</name><address><city>Rockville</city><stateCode>MD</stateCode><countryCode>USA</countryCode></address><identifier xsi:type="OrganizationAssignedIdentifierType"><value>NCI</value><primaryIndicator>true</primaryIndicator><healthcareSite xsi:type="LocalHealthcareSiteType"><name>Cancer Therapy Evaluation Program</name><address><streetAddress>9000 Rockville Pike</streetAddress><city>Bethesda</city><stateCode>MD</stateCode><postalCode>20892</postalCode><countryCode>USA</countryCode></address><identifier xsi:type="OrganizationAssignedIdentifierType"><value>CTEP</value><primaryIndicator>true</primaryIndicator><type>CTEP</type></identifier></healthcareSite><type>CTEP</type></identifier></healthcareSite></studyOrganization><studyOrganization xmlns:xsi="http://www.w3.org/2001/XMLSchema-instance" gridId="483d5f1f-5533-46e4-aef8-108c202d8070" xsi:type="StudyFundingSponsorType"><healthcareSite xsi:type="LocalHealthcareSiteType"><name>Lincoln Surgical Group</name><address><city>Belleville</city><stateCode>IL</stateCode><countryCode>USA</countryCode></address><identifier xsi:type="OrganizationAssignedIdentifierType"><value>IL255</value><primaryIndicator>true</primaryIndicator><healthcareSite xsi:type="LocalHealthcareSiteType"><name>Cancer Therapy Evaluation Program</name><address><streetAddress>9000 Rockville Pike</streetAddress><city>Bethesda</city><stateCode>MD</stateCode><postalCode>20892</postalCode><countryCode>USA</countryCode></address><identifier xsi:type="OrganizationAssignedIdentifierType"><value>CTEP</value><primaryIndicator>true</primaryIndicator><type>CTEP</type></identifier></healthcareSite><type>CTEP</type></identifier></healthcareSite></studyOrganization><studyOrganization xmlns:xsi="http://www.w3.org/2001/XMLSchema-instance" gridId="557655bf-0c6d-413e-9626-8c840f3b96ab" xsi:type="StudySiteType"><healthcareSite xsi:type="LocalHealthcareSiteType"><name>Johns Hopkins University</name><address><city>Baltimore</city><stateCode>MD</stateCode><countryCode>USA</countryCode></address><identifier xsi:type="OrganizationAssignedIdentifierType"><value>MD017</value><primaryIndicator>true</primaryIndicator><healthcareSite xsi:type="LocalHealthcareSiteType"><name>Cancer Therapy Evaluation Program</name><address><streetAddress>9000 Rockville Pike</streetAddress><city>Bethesda</city><stateCode>MD</stateCode><postalCode>20892</postalCode><countryCode>USA</countryCode></address><identifier xsi:type="OrganizationAssignedIdentifierType"><value>CTEP</value><primaryIndicator>true</primaryIndicator><type>CTEP</type></identifier></healthcareSite><type>CTEP</type></identifier></healthcareSite><studyInvestigator><roleCode>Site Investigator</roleCode><statusCode>AC</statusCode><healthcareSiteInvestigator><investigator xsi:type="LocalInvestigatorType"><assignedIdentifier>9944</assignedIdentifier><firstName>Reza</firstName><lastName>Mehri</lastName><email>RezaMehri@test.com</email></investigator></healthcareSiteInvestigator></studyInvestigator><siteStudyStatus>PENDING</siteStudyStatus><irbApprovalDate>2011-02-23</irbApprovalDate></studyOrganization><studyDisease gridId="13065f72-888a-4f93-966a-b7c145eafc2c"><diseaseTerm><term>AIDS-related anal cancer</term><ctepTerm>AIDS-related anal cancer</ctepTerm><medraCode>10065860</medraCode></diseaseTerm></studyDisease><studyDisease gridId="e28f5184-6bf3-4e5f-9f57-225fb0ffb8b3"><diseaseTerm><term>AIDS-related cervical cancer</term><ctepTerm>AIDS-related cervical cancer</ctepTerm><medraCode>10008229</medraCode></diseaseTerm></studyDisease><studyDisease gridId="d9a4075b-742a-48bf-9d68-803202041d01"><diseaseTerm><term>AIDS-related HPV infections</term><ctepTerm>AIDS-related HPV infections</ctepTerm><medraCode>10063001</medraCode></diseaseTerm></studyDisease><studyDisease gridId="f7d8e076-2dee-4c01-a5ac-5bce58229050"><diseaseTerm><term>AIDS-related HPV-related cancer</term><ctepTerm>AIDS-related HPV-related cancer, NOS</ctepTerm><medraCode>90600068</medraCode></diseaseTerm></studyDisease><consent><name>Consent_RZ</name><mandatoryIndicator>true</mandatoryIndicator><versionId>1</versionId><consentingMethod>WRITTEN</consentingMethod><consentingMethod>VERBAL</consentingMethod><consentQuestion><text>Test</text><code>Question1</code></consentQuestion></consent></study>