<?xml version="1.0" encoding="UTF-8"?>
<registration xmlns="gme://ccts.cabig/1.0/gov.nih.nci.cabig.ccts.domain" gridId="1a3477c3-9965-4801-ba65-e2f46a8d1dbe"><studyIdentifiers><identifier xmlns:xsi="http://www.w3.org/2001/XMLSchema-instance" xsi:type="OrganizationAssignedIdentifierType"><value>NCI-55554sD</value><primaryIndicator>true</primaryIndicator><healthcareSite xsi:type="LocalHealthcareSiteType"><name>Johns Hopkins University</name><address><city>Baltimore</city><stateCode>MD</stateCode><countryCode>USA</countryCode></address><identifier xsi:type="OrganizationAssignedIdentifierType"><value>MD017</value><primaryIndicator>true</primaryIndicator><healthcareSite xsi:type="LocalHealthcareSiteType"><name>Cancer Therapy Evaluation Program</name><address><streetAddress>9000 Rockville Pike</streetAddress><city>Bethesda</city><stateCode>MD</stateCode><postalCode>20892</postalCode><countryCode>USA</countryCode></address><identifier xsi:type="OrganizationAssignedIdentifierType"><value>CTEP</value><primaryIndicator>true</primaryIndicator><type>CTEP</type></identifier></healthcareSite><type>CTEP</type></identifier></healthcareSite><type>COORDINATING_CENTER_IDENTIFIER</type></identifier><identifier xmlns:xsi="http://www.w3.org/2001/XMLSchema-instance" xsi:type="OrganizationAssignedIdentifierType"><value>NCI-55554sD</value><primaryIndicator>false</primaryIndicator><healthcareSite xsi:type="LocalHealthcareSiteType"><name>National Cancer Institute</name><address><city>Rockville</city><stateCode>MD</stateCode><countryCode>USA</countryCode></address><identifier xsi:type="OrganizationAssignedIdentifierType"><value>NCI</value><primaryIndicator>true</primaryIndicator><healthcareSite xsi:type="LocalHealthcareSiteType"><name>Cancer Therapy Evaluation Program</name><address><streetAddress>9000 Rockville Pike</streetAddress><city>Bethesda</city><stateCode>MD</stateCode><postalCode>20892</postalCode><countryCode>USA</countryCode></address><identifier xsi:type="OrganizationAssignedIdentifierType"><value>CTEP</value><primaryIndicator>true</primaryIndicator><type>CTEP</type></identifier></healthcareSite><type>CTEP</type></identifier></healthcareSite><type>PROTOCOL_AUTHORITY_IDENTIFIER</type></identifier></studyIdentifiers><studyVersion>Original version</studyVersion><subject gridId="2e237ced-cc24-4b96-95c5-3e89be74ea4e"><firstName>CCTS_SUB_CLN01</firstName><lastName>CCTS_SUB_CLN01</lastName><address/><administrativeGenderCode>Male</administrativeGenderCode><birthDate>1990-10-12</birthDate><ethnicGroupCode>Hispanic or Latino</ethnicGroupCode><identifier xmlns:xsi="http://www.w3.org/2001/XMLSchema-instance" xsi:type="OrganizationAssignedIdentifierType"><value>NCI-00003eE</value><primaryIndicator>true</primaryIndicator><healthcareSite xsi:type="LocalHealthcareSiteType"><name>Cancer Therapy Evaluation Program</name><address><streetAddress>9000 Rockville Pike</streetAddress><city>Bethesda</city><stateCode>MD</stateCode><postalCode>20892</postalCode><countryCode>USA</countryCode></address><identifier xsi:type="OrganizationAssignedIdentifierType"><value>CTEP</value><primaryIndicator>true</primaryIndicator><type>CTEP</type></identifier></healthcareSite><type>MRN</type></identifier><identifier xmlns:xsi="http://www.w3.org/2001/XMLSchema-instance" xsi:type="SystemAssignedIdentifierType"><value>46ee3568-5714-405d-8c52-c9d57e899920</value><primaryIndicator>false</primaryIndicator><systemName>C3PR</systemName><type>SUBJECT_IDENTIFIER</type></identifier></subject><site xmlns:xsi="http://www.w3.org/2001/XMLSchema-instance" xsi:type="LocalHealthcareSiteType"><name>Johns Hopkins University</name><address><city>Baltimore</city><stateCode>MD</stateCode><countryCode>USA</countryCode></address><identifier xsi:type="OrganizationAssignedIdentifierType"><value>MD017</value><primaryIndicator>true</primaryIndicator><healthcareSite xsi:type="LocalHealthcareSiteType"><name>Cancer Therapy Evaluation Program</name><address><streetAddress>9000 Rockville Pike</streetAddress><city>Bethesda</city><stateCode>MD</stateCode><postalCode>20892</postalCode><countryCode>USA</countryCode></address><identifier xsi:type="OrganizationAssignedIdentifierType"><value>CTEP</value><primaryIndicator>true</primaryIndicator><type>CTEP</type></identifier></healthcareSite><type>CTEP</type></identifier></site><startDate>2011-04-01</startDate><informedConsent><consent><name>Conset_1</name><mandatoryIndicator>true</mandatoryIndicator><versionId>1</versionId><consentingMethod>WRITTEN</consentingMethod><consentingMethod>VERBAL</consentingMethod><consentQuestion><text>test</text><code>1</code></consentQuestion></consent><informedConsentFormSignedDate>2011-04-01</informedConsentFormSignedDate></informedConsent><identifier xmlns:xsi="http://www.w3.org/2001/XMLSchema-instance" xsi:type="SystemAssignedIdentifierType"><value>a14773c1-f3e2-4fea-92bb-87a008dd930e</value><primaryIndicator>true</primaryIndicator><systemName>C3PR</systemName><type>Study Subject Identifier</type></identifier><identifier xmlns:xsi="http://www.w3.org/2001/XMLSchema-instance" xsi:type="OrganizationAssignedIdentifierType"><value>1</value><primaryIndicator>false</primaryIndicator><healthcareSite xsi:type="LocalHealthcareSiteType"><name>Johns Hopkins University</name><address><city>Baltimore</city><stateCode>MD</stateCode><countryCode>USA</countryCode></address><identifier xsi:type="OrganizationAssignedIdentifierType"><value>MD017</value><primaryIndicator>true</primaryIndicator><healthcareSite xsi:type="LocalHealthcareSiteType"><name>Cancer Therapy Evaluation Program</name><address><streetAddress>9000 Rockville Pike</streetAddress><city>Bethesda</city><stateCode>MD</stateCode><postalCode>20892</postalCode><countryCode>USA</countryCode></address><identifier xsi:type="OrganizationAssignedIdentifierType"><value>CTEP</value><primaryIndicator>true</primaryIndicator><type>CTEP</type></identifier></healthcareSite><type>CTEP</type></identifier></healthcareSite><type>COORDINATING_CENTER_ASSIGNED_STUDY_SUBJECT_IDENTIFIER</type></identifier><status>ON_STUDY</status><scheduledEpoch gridId="c636046d-8cdb-4bc4-a231-54d204b977fa"><startDate>2011-04-01</startDate><epoch gridId="b37f81bb-186f-4b16-8798-b62ac60a179e"><name>EpochA</name><epochOrder>1</epochOrder><descriptionText>test</descriptionText><accrualCeiling>4</accrualCeiling><stratificationIndicator>false</stratificationIndicator><randomizedIndicator>false</randomizedIndicator><type>SCREENING</type><enrollmentIndicator>true</enrollmentIndicator><arm gridId="96407f7c-df2c-4ec5-80c7-a2cf7457bedb"><name>ArmA</name><descriptionText>test</descriptionText><targetAccrualNumber>4</targetAccrualNumber></arm><arm gridId="f3d719c7-e566-46bb-8ef4-2c617e808111"><name>ArmB</name><descriptionText>test</descriptionText><targetAccrualNumber>4</targetAccrualNumber></arm><eligibilityCriteria xmlns:xsi="http://www.w3.org/2001/XMLSchema-instance" hash-code="97196354" xsi:type="java:edu.duke.cabig.c3pr.domain.InclusionEligibilityCriteria"><not-applicable-indicator xmlns="">true</not-applicable-indicator><question-number xmlns="">0</question-number><question-text xmlns="">Exist &gt; 10 days/Exclusion Criteria: Any Previous Cancers for Epoch A&#xd;
</question-text><retired-indicator xmlns="">false</retired-indicator><grid-id xmlns="">ba95004e-bbfa-46cc-a198-74206199918a</grid-id><version xmlns="">0</version><id xmlns="">629</id></eligibilityCriteria></epoch><scheduledArm><arm gridId="96407f7c-df2c-4ec5-80c7-a2cf7457bedb"><name>ArmA</name><descriptionText>test</descriptionText><targetAccrualNumber>4</targetAccrualNumber></arm></scheduledArm><eligibilityIndicator>true</eligibilityIndicator></scheduledEpoch><enrollingPhysician><roleCode>Site Investigator</roleCode><statusCode>AC</statusCode><healthcareSiteInvestigator><investigator xmlns:xsi="http://www.w3.org/2001/XMLSchema-instance" xsi:type="RemoteInvestigatorType"><assignedIdentifier>52471</assignedIdentifier><firstName>Henry</firstName><lastName>Brem</lastName><email>jhcccro@jhmi.edu</email><phoneNumber>(410)-955-8804</phoneNumber><faxNumber>(410)-614-0478</faxNumber><externalId>406158</externalId></investigator></healthcareSiteInvestigator></enrollingPhysician><diseaseHistory><otherPrimaryDiseaseSiteCode>Malignant neoplasm of lower lip, vermilion border (140.1)ignant neoplasm of lower lip, vermilion border (140.1)</otherPrimaryDiseaseSiteCode><studyDisease gridId="dbeeea15-b67d-45a1-9b3a-4552b26489f3"><diseaseTerm><term>AIDS-related anal cancer</term><ctepTerm>AIDS-related anal cancer</ctepTerm><medraCode>10065860</medraCode></diseaseTerm></studyDisease><icd9DiseaseSite><name>Malignant neoplasm of lower lip, vermilion border</name><code>140.1</code></icd9DiseaseSite></diseaseHistory><paymentMethod>Medicare And Private Insurance</paymentMethod></registration>