<?xml version="1.0" encoding="UTF-8"?>
<study xmlns="gme://ccts.cabig/1.0/gov.nih.nci.cabig.ccts.domain" gridId="85f9f2b6-2550-4306-b2ce-1829dfeb1a08"><blindedIndicator>false</blindedIndicator><multiInstitutionIndicator>true</multiInstitutionIndicator><randomizedIndicator>false</randomizedIndicator><stratificationIndicator>false</stratificationIndicator><standaloneIndicator>true</standaloneIndicator><companionIndicator>false</companionIndicator><shortTitleText>CCTS_TEST_CLN01</shortTitleText><longTitleText>CCTS_TEST_CLN01</longTitleText><descriptionText>test</descriptionText><precisText></precisText><phaseCode>Phase I Trial</phaseCode><coordinatingCenterStudyStatus>OPEN</coordinatingCenterStudyStatus><type>Diagnostic</type><targetAccrualNumber>25</targetAccrualNumber><identifier xmlns:xsi="http://www.w3.org/2001/XMLSchema-instance" xsi:type="OrganizationAssignedIdentifierType"><value>NCI-55554sD</value><primaryIndicator>true</primaryIndicator><healthcareSite xsi:type="LocalHealthcareSiteType"><name>Johns Hopkins University</name><address><city>Baltimore</city><stateCode>MD</stateCode><countryCode>USA</countryCode></address><identifier xsi:type="OrganizationAssignedIdentifierType"><value>MD017</value><primaryIndicator>true</primaryIndicator><healthcareSite xsi:type="LocalHealthcareSiteType"><name>Cancer Therapy Evaluation Program</name><address><streetAddress>9000 Rockville Pike</streetAddress><city>Bethesda</city><stateCode>MD</stateCode><postalCode>20892</postalCode><countryCode>USA</countryCode></address><identifier xsi:type="OrganizationAssignedIdentifierType"><value>CTEP</value><primaryIndicator>true</primaryIndicator><type>CTEP</type></identifier></healthcareSite><type>CTEP</type></identifier></healthcareSite><type>COORDINATING_CENTER_IDENTIFIER</type></identifier><identifier xmlns:xsi="http://www.w3.org/2001/XMLSchema-instance" xsi:type="OrganizationAssignedIdentifierType"><value>NCI-55554sD</value><primaryIndicator>false</primaryIndicator><healthcareSite xsi:type="LocalHealthcareSiteType"><name>National Cancer Institute</name><address><city>Rockville</city><stateCode>MD</stateCode><countryCode>USA</countryCode></address><identifier xsi:type="OrganizationAssignedIdentifierType"><value>NCI</value><primaryIndicator>true</primaryIndicator><healthcareSite xsi:type="LocalHealthcareSiteType"><name>Cancer Therapy Evaluation Program</name><address><streetAddress>9000 Rockville Pike</streetAddress><city>Bethesda</city><stateCode>MD</stateCode><postalCode>20892</postalCode><countryCode>USA</countryCode></address><identifier xsi:type="OrganizationAssignedIdentifierType"><value>CTEP</value><primaryIndicator>true</primaryIndicator><type>CTEP</type></identifier></healthcareSite><type>CTEP</type></identifier></healthcareSite><type>PROTOCOL_AUTHORITY_IDENTIFIER</type></identifier><epoch gridId="b37f81bb-186f-4b16-8798-b62ac60a179e"><name>EpochA</name><epochOrder>1</epochOrder><descriptionText>test</descriptionText><accrualCeiling>4</accrualCeiling><stratificationIndicator>false</stratificationIndicator><randomizedIndicator>false</randomizedIndicator><type>SCREENING</type><enrollmentIndicator>true</enrollmentIndicator><arm gridId="96407f7c-df2c-4ec5-80c7-a2cf7457bedb"><name>ArmA</name><descriptionText>test</descriptionText><targetAccrualNumber>4</targetAccrualNumber></arm><arm gridId="f3d719c7-e566-46bb-8ef4-2c617e808111"><name>ArmB</name><descriptionText>test</descriptionText><targetAccrualNumber>4</targetAccrualNumber></arm><eligibilityCriteria xmlns:xsi="http://www.w3.org/2001/XMLSchema-instance" gridId="ba95004e-bbfa-46cc-a198-74206199918a" xsi:type="InclusionEligibilityCriteriaType"><notApplicableIndicator>true</notApplicableIndicator><questionNumber>0</questionNumber><questionText>Exist &gt; 10 days/Exclusion Criteria: Any Previous Cancers for Epoch A&#xd;
</questionText></eligibilityCriteria></epoch><epoch gridId="eeaed727-5af1-4821-a721-0285dd7643b7"><name>EpochB</name><epochOrder>2</epochOrder><descriptionText>desc</descriptionText><accrualCeiling>4</accrualCeiling><stratificationIndicator>false</stratificationIndicator><randomizedIndicator>false</randomizedIndicator><type>SCREENING</type><enrollmentIndicator>true</enrollmentIndicator><arm gridId="1065c3cc-7857-4c8b-ac21-42bc09e77cd0"><name>Arm A</name><descriptionText>desc</descriptionText><targetAccrualNumber>4</targetAccrualNumber></arm></epoch><studyOrganization xmlns:xsi="http://www.w3.org/2001/XMLSchema-instance" gridId="3192b5a0-01d7-4b27-a5e5-9a4cd04f7db9" xsi:type="StudyCoordinatingCenterType"><healthcareSite xsi:type="LocalHealthcareSiteType"><name>Johns Hopkins University</name><address><city>Baltimore</city><stateCode>MD</stateCode><countryCode>USA</countryCode></address><identifier xsi:type="OrganizationAssignedIdentifierType"><value>MD017</value><primaryIndicator>true</primaryIndicator><healthcareSite xsi:type="LocalHealthcareSiteType"><name>Cancer Therapy Evaluation Program</name><address><streetAddress>9000 Rockville Pike</streetAddress><city>Bethesda</city><stateCode>MD</stateCode><postalCode>20892</postalCode><countryCode>USA</countryCode></address><identifier xsi:type="OrganizationAssignedIdentifierType"><value>CTEP</value><primaryIndicator>true</primaryIndicator><type>CTEP</type></identifier></healthcareSite><type>CTEP</type></identifier></healthcareSite></studyOrganization><studyOrganization xmlns:xsi="http://www.w3.org/2001/XMLSchema-instance" gridId="f9fb65be-8e59-4492-85ee-26cc151c8b49" xsi:type="StudyFundingSponsorType"><healthcareSite xsi:type="LocalHealthcareSiteType"><name>National Cancer Institute</name><address><city>Rockville</city><stateCode>MD</stateCode><countryCode>USA</countryCode></address><identifier xsi:type="OrganizationAssignedIdentifierType"><value>NCI</value><primaryIndicator>true</primaryIndicator><healthcareSite xsi:type="LocalHealthcareSiteType"><name>Cancer Therapy Evaluation Program</name><address><streetAddress>9000 Rockville Pike</streetAddress><city>Bethesda</city><stateCode>MD</stateCode><postalCode>20892</postalCode><countryCode>USA</countryCode></address><identifier xsi:type="OrganizationAssignedIdentifierType"><value>CTEP</value><primaryIndicator>true</primaryIndicator><type>CTEP</type></identifier></healthcareSite><type>CTEP</type></identifier></healthcareSite></studyOrganization><studyOrganization xmlns:xsi="http://www.w3.org/2001/XMLSchema-instance" gridId="56b9ce53-affc-4d54-bfb6-e2e28e853444" xsi:type="StudySiteType"><healthcareSite xsi:type="LocalHealthcareSiteType"><name>Lincoln Surgical Group</name><address><city>Belleville</city><stateCode>IL</stateCode><countryCode>USA</countryCode></address><identifier xsi:type="OrganizationAssignedIdentifierType"><value>IL255</value><primaryIndicator>true</primaryIndicator><healthcareSite xsi:type="LocalHealthcareSiteType"><name>Cancer Therapy Evaluation Program</name><address><streetAddress>9000 Rockville Pike</streetAddress><city>Bethesda</city><stateCode>MD</stateCode><postalCode>20892</postalCode><countryCode>USA</countryCode></address><identifier xsi:type="OrganizationAssignedIdentifierType"><value>CTEP</value><primaryIndicator>true</primaryIndicator><type>CTEP</type></identifier></healthcareSite><type>CTEP</type></identifier></healthcareSite><studyInvestigator><roleCode>Principal Investigator</roleCode><statusCode>AC</statusCode><healthcareSiteInvestigator><investigator xsi:type="RemoteInvestigatorType"><assignedIdentifier>147180</assignedIdentifier><firstName>Douglas</firstName><lastName>Aach</lastName><email>unknown@example.com</email><phoneNumber>(618)-277-7400</phoneNumber><faxNumber>(618)-277-7422</faxNumber><externalId>1799646</externalId></investigator></healthcareSiteInvestigator></studyInvestigator><siteStudyStatus>ACTIVE</siteStudyStatus><irbApprovalDate>2011-04-01</irbApprovalDate></studyOrganization><studyOrganization xmlns:xsi="http://www.w3.org/2001/XMLSchema-instance" gridId="70a1aa8c-07ce-4574-adb0-7f40c2bc5c84" xsi:type="StudySiteType"><healthcareSite xsi:type="LocalHealthcareSiteType"><name>Johns Hopkins University</name><address><city>Baltimore</city><stateCode>MD</stateCode><countryCode>USA</countryCode></address><identifier xsi:type="OrganizationAssignedIdentifierType"><value>MD017</value><primaryIndicator>true</primaryIndicator><healthcareSite xsi:type="LocalHealthcareSiteType"><name>Cancer Therapy Evaluation Program</name><address><streetAddress>9000 Rockville Pike</streetAddress><city>Bethesda</city><stateCode>MD</stateCode><postalCode>20892</postalCode><countryCode>USA</countryCode></address><identifier xsi:type="OrganizationAssignedIdentifierType"><value>CTEP</value><primaryIndicator>true</primaryIndicator><type>CTEP</type></identifier></healthcareSite><type>CTEP</type></identifier></healthcareSite><studyInvestigator><roleCode>Site Investigator</roleCode><statusCode>AC</statusCode><healthcareSiteInvestigator><investigator xsi:type="RemoteInvestigatorType"><assignedIdentifier>52471</assignedIdentifier><firstName>Henry</firstName><lastName>Brem</lastName><email>jhcccro@jhmi.edu</email><phoneNumber>(410)-955-8804</phoneNumber><faxNumber>(410)-614-0478</faxNumber><externalId>406158</externalId></investigator></healthcareSiteInvestigator></studyInvestigator><siteStudyStatus>ACTIVE</siteStudyStatus><irbApprovalDate>2011-04-01</irbApprovalDate></studyOrganization><studyOrganization xmlns:xsi="http://www.w3.org/2001/XMLSchema-instance" gridId="f610e061-a147-4409-a7ad-4323e442b979" xsi:type="StudySiteType"><healthcareSite xsi:type="LocalHealthcareSiteType"><name>National Cancer Institute</name><address><streetAddress>6116 Executive Boulevard</streetAddress><city>Bethesda</city><stateCode>MD</stateCode><postalCode>20892</postalCode><countryCode>USA</countryCode></address><identifier xsi:type="OrganizationAssignedIdentifierType"><value>NCI</value><primaryIndicator>true</primaryIndicator><healthcareSite xsi:type="LocalHealthcareSiteType"><name>Cancer Therapy Evaluation Program</name><address><streetAddress>9000 Rockville Pike</streetAddress><city>Bethesda</city><stateCode>MD</stateCode><postalCode>20892</postalCode><countryCode>USA</countryCode></address><identifier xsi:type="OrganizationAssignedIdentifierType"><value>CTEP</value><primaryIndicator>true</primaryIndicator><type>CTEP</type></identifier></healthcareSite><type>CTEP</type></identifier></healthcareSite><siteStudyStatus>ACTIVE</siteStudyStatus><irbApprovalDate>2011-04-01</irbApprovalDate></studyOrganization><studyOrganization xmlns:xsi="http://www.w3.org/2001/XMLSchema-instance" gridId="46e9d26f-0948-4669-97be-64e1c8d3f171" xsi:type="StudySiteType"><healthcareSite xsi:type="LocalHealthcareSiteType"><name>Cancer Therapy Evaluation Program</name><address><streetAddress>9000 Rockville Pike</streetAddress><city>Bethesda</city><stateCode>MD</stateCode><postalCode>20892</postalCode><countryCode>USA</countryCode></address><identifier xsi:type="OrganizationAssignedIdentifierType"><value>CTEP</value><primaryIndicator>true</primaryIndicator><type>CTEP</type></identifier></healthcareSite><siteStudyStatus>ACTIVE</siteStudyStatus><irbApprovalDate>2011-04-01</irbApprovalDate></studyOrganization><studyDisease gridId="dbeeea15-b67d-45a1-9b3a-4552b26489f3"><diseaseTerm><term>AIDS-related anal cancer</term><ctepTerm>AIDS-related anal cancer</ctepTerm><medraCode>10065860</medraCode></diseaseTerm></studyDisease><consent><name>Conset_1</name><mandatoryIndicator>true</mandatoryIndicator><versionId>1</versionId><consentingMethod>WRITTEN</consentingMethod><consentingMethod>VERBAL</consentingMethod><consentQuestion><text>test</text><code>1</code></consentQuestion></consent></study>