<soapenv:Envelope xmlns:soapenv="http://schemas.xmlsoap.org/soap/envelope/" xmlns:stud="http://studyconsumer.grid.ccts.nci.nih.gov/StudyConsumer" xmlns:gov="gme://ccts.cabig/1.0/gov.nih.nci.cabig.ccts.domain">
   <soapenv:Header/>
   <soapenv:Body>
      <stud:CreateStudyRequest>
         <stud:study>
           <study gridId="51bd374c-d8b5-4759-84b3-ac6259d58648" version="9" xmlns="gme://ccts.cabig/1.0/gov.nih.nci.cabig.ccts.domain">
    <blindedIndicator>false</blindedIndicator>
    <multiInstitutionIndicator>false</multiInstitutionIndicator>
    <randomizedIndicator>true</randomizedIndicator>
    <shortTitleText>Smoke Test</shortTitleText>
    <longTitleText>Smoke Test long title</longTitleText>
    
    
    <phaseCode>Phase II Trial</phaseCode>
    <dataEntryStatus>COMPLETE</dataEntryStatus>
    <coordinatingCenterStudyStatus>ACTIVE</coordinatingCenterStudyStatus>
    <type>Primary Treatment</type>
    <targetAccrualNumber>500</targetAccrualNumber>
    <identifier xsi:type="OrganizationAssignedIdentifierType" xmlns:xsi="http://www.w3.org/2001/XMLSchema-instance">
     <type>Coordinating Center Identifier</type>
     <value>SMOKE_TEST</value>
     <primaryIndicator>true</primaryIndicator>
     <healthcareSite gridId="NCI GRID ID">
      <name>National Cancer Institute</name>
      <address>
       <streetAddress>6130 Executive Blvd</streetAddress>
       <city>Rockville</city>
       <stateCode>MD</stateCode>
       <postalCode>20852</postalCode>
       <countryCode>USA</countryCode>
      </address>
      <nciInstituteCode>NCI</nciInstituteCode>
     </healthcareSite>
    </identifier>
    <identifier xsi:type="OrganizationAssignedIdentifierType" xmlns:xsi="http://www.w3.org/2001/XMLSchema-instance">
     <type>Protocol Authority Identifier</type>
     <value>SMOKE_TEST</value>
     <primaryIndicator>false</primaryIndicator>
     <healthcareSite gridId="NCI GRID ID">
      <name>National Cancer Institute</name>
      <address>
       <streetAddress>6130 Executive Blvd</streetAddress>
       <city>Rockville</city>
       <stateCode>MD</stateCode>
       <postalCode>20852</postalCode>
       <countryCode>USA</countryCode>
      </address>
      <nciInstituteCode>NCI</nciInstituteCode>
     </healthcareSite>
    </identifier>
    <epoch gridId="73b061cf-e4cc-42ec-b7a3-9b8f39ac84ef" xsi:type="TreatmentEpochType" xmlns:xsi="http://www.w3.org/2001/XMLSchema-instance">
     <name>Treatment</name>
     
     <arm gridId="6d3a4394-3e9e-449f-860b-039aa5e1a93e">
      <name>Arm A</name>
      <descriptionText/>
     </arm>
     <arm gridId="1e73b516-c4dc-453b-a99a-4cf2756660b4">
      <name>Arm B</name>
      <descriptionText/>
     </arm>
     <eligibilityCriteria gridId="cd4e83b6-6d92-4eee-82cd-ba7846c3cb66" xsi:type="ExclusionEligibilityCriteriaType">
      <questionNumber>0</questionNumber>
      <questionText>Has the patient been on any clinical trial for last three months?</questionText>
     </eligibilityCriteria>
     <eligibilityCriteria gridId="86871bf7-7efe-4b3e-96d1-c24c3393b365" xsi:type="InclusionEligibilityCriteriaType">
      <questionNumber>0</questionNumber>
      <questionText>Age is between 18 and 65?</questionText>
     </eligibilityCriteria>
     <stratificationCriteria>
      <questionText>Gender</questionText>
      <permissibleAnswer>
       <permissibleAnswer>Female</permissibleAnswer>
      </permissibleAnswer>
      <permissibleAnswer>
       <permissibleAnswer>Male</permissibleAnswer>
      </permissibleAnswer>
     </stratificationCriteria>
    </epoch>
    <studyOrganization gridId="4ea5139a-6922-4583-b164-f6da006b76df" xsi:type="StudyCoordinatingCenterType" xmlns:xsi="http://www.w3.org/2001/XMLSchema-instance">
     <healthcareSite gridId="NCI GRID ID">
      <name>National Cancer Institute</name>
      <address>
       <streetAddress>6130 Executive Blvd</streetAddress>
       <city>Rockville</city>
       <stateCode>MD</stateCode>
       <postalCode>20852</postalCode>
       <countryCode>USA</countryCode>
      </address>
      <nciInstituteCode>NCI</nciInstituteCode>
     </healthcareSite>
     <studyInvestigator>
      <roleCode>Principal Investigator</roleCode>
      <statusCode>Active</statusCode>
      <healthcareSiteInvestigator>
       <investigator>
        <nciIdentifier>SMOKE_TEST</nciIdentifier>
 	<firstName>John</firstName>
	<lastName>Doe</lastName>
       </investigator>
      </healthcareSiteInvestigator>
     </studyInvestigator>
    </studyOrganization>
    <studyOrganization gridId="9a147f4c-3a94-4883-a9b0-1926dda426be" xsi:type="StudySiteType" xmlns:xsi="http://www.w3.org/2001/XMLSchema-instance">
     <healthcareSite gridId="NCI GRID ID">
      <name>National Cancer Institute</name>
      <address>
       <streetAddress>6130 Executive Blvd</streetAddress>
       <city>Rockville</city>
       <stateCode>MD</stateCode>
       <postalCode>20852</postalCode>
       <countryCode>USA</countryCode>
      </address>
      <nciInstituteCode>NCI</nciInstituteCode>
     </healthcareSite>
     <irbApprovalDate>2008-08-25</irbApprovalDate>
     <roleCode>Affiliate Site</roleCode>
     <startDate>2008-08-25</startDate>
    </studyOrganization>
    <studyOrganization gridId="e5291c32-15bd-4629-8482-4ac9dc95a53c" xsi:type="StudyFundingSponsorType" xmlns:xsi="http://www.w3.org/2001/XMLSchema-instance">
     <healthcareSite gridId="NCI GRID ID">
      <name>National Cancer Institute</name>
      <address>
       <streetAddress>6130 Executive Blvd</streetAddress>
       <city>Rockville</city>
       <stateCode>MD</stateCode>
       <postalCode>20852</postalCode>
       <countryCode>USA</countryCode>
      </address>
      <nciInstituteCode>NCI</nciInstituteCode>
     </healthcareSite>
    </studyOrganization>
   </study>
         </stud:study>
      </stud:CreateStudyRequest>
   </soapenv:Body>
</soapenv:Envelope>